time,temperature,yearday,clim_mean,clim_sd,anomaly,z,band,label
2026-08-10 18:30:00,3.81,222,3.8675,0.1228,-0.0575,-0.4685,0,normal
2026-08-10 19:30:00,3.8518,222,3.8675,0.1228,-0.0157,-0.1278,0,normal
2026-08-10 20:30:00,3.8921,222,3.8675,0.1228,0.0246,0.2007,0,normal
2026-08-10 21:30:00,3.8597,222,3.8675,0.1228,-0.0078,-0.0635,0,normal
2026-08-10 22:30:00,3.8406,222,3.8675,0.1228,-0.0269,-0.2191,0,normal
2026-08-10 23:30:00,3.8481,222,3.8675,0.1228,-0.0194,-0.1579,0,normal
2026-08-11 00:30:00,3.8905,223,3.8662,0.1229,0.0243,0.198,0,normal
2026-08-11 01:30:00,3.8765,223,3.8662,0.1229,0.0103,0.0835,0,normal
2026-08-11 02:30:00,3.8394,223,3.8662,0.1229,-0.0268,-0.218,0,normal
2026-08-11 03:30:00,3.8517,223,3.8662,0.1229,-0.0145,-0.1179,0,normal
2026-08-11 04:30:00,3.8393,223,3.8662,0.1229,-0.0269,-0.219,0,normal
2026-08-11 05:30:00,3.9116,223,3.8662,0.1229,0.0454,0.3695,0,normal
2026-08-11 06:30:00,3.8551,223,3.8662,0.1229,-0.0111,-0.0905,0,normal
2026-08-11 07:30:00,3.9205,223,3.8662,0.1229,0.0543,0.4421,0,normal
2026-08-11 08:30:00,4.04,223,3.8662,0.1229,0.1738,1.4138,1,unusually warm (outside 1 sigma)
2026-08-11 09:30:00,4.0898,223,3.8662,0.1229,0.2236,1.819,1,unusually warm (outside 1 sigma)
2026-08-11 10:30:00,4.1051,223,3.8662,0.1229,0.2389,1.9437,1,unusually warm (outside 1 sigma)
2026-08-11 11:30:00,3.9016,223,3.8662,0.1229,0.0354,0.2879,0,normal
2026-08-11 12:30:00,3.8547,223,3.8662,0.1229,-0.0115,-0.0932,0,normal
2026-08-11 13:30:00,3.8654,223,3.8662,0.1229,-0.0008,-0.0067,0,normal
2026-08-11 14:30:00,3.8793,223,3.8662,0.1229,0.0131,0.1065,0,normal
2026-08-11 15:30:00,3.8847,223,3.8662,0.1229,0.0185,0.1505,0,normal
2026-08-11 16:30:00,3.8579,223,3.8662,0.1229,-0.0083,-0.0672,0,normal
2026-08-11 17:30:00,3.8423,223,3.8662,0.1229,-0.0239,-0.1944,0,normal
2026-08-11 18:30:00,3.7938,223,3.8662,0.1229,-0.0724,-0.5888,0,normal
2026-08-11 19:30:00,3.7132,223,3.8662,0.1229,-0.153,-1.2447,1,unusually cool (outside 1 sigma)
2026-08-11 20:30:00,3.8132,223,3.8662,0.1229,-0.053,-0.4309,0,normal
2026-08-11 21:30:00,3.8526,223,3.8662,0.1229,-0.0136,-0.111,0,normal
2026-08-11 22:30:00,3.873,223,3.8662,0.1229,0.0068,0.0554,0,normal
2026-08-11 23:30:00,3.8631,223,3.8662,0.1229,-0.0031,-0.0256,0,normal
2026-08-12 00:30:00,3.8751,224,3.8647,0.1237,0.0104,0.0845,0,normal
2026-08-12 01:30:00,3.8134,224,3.8647,0.1237,-0.0513,-0.4147,0,normal
2026-08-12 02:30:00,3.8831,224,3.8647,0.1237,0.0184,0.1488,0,normal
2026-08-12 03:30:00,3.9388,224,3.8647,0.1237,0.0741,0.5992,0,normal
2026-08-12 04:30:00,3.8098,224,3.8647,0.1237,-0.0549,-0.4434,0,normal
2026-08-12 05:30:00,3.7986,224,3.8647,0.1237,-0.0661,-0.5342,0,normal
2026-08-12 06:30:00,3.8152,224,3.8647,0.1237,-0.0495,-0.4003,0,normal
2026-08-12 07:30:00,3.8621,224,3.8647,0.1237,-0.0026,-0.0209,0,normal
2026-08-12 08:30:00,3.9728,224,3.8647,0.1237,0.1081,0.8742,0,normal
2026-08-12 09:30:00,3.9817,224,3.8647,0.1237,0.117,0.9456,0,normal
2026-08-12 10:30:00,4.0409,224,3.8647,0.1237,0.1762,1.4248,1,unusually warm (outside 1 sigma)
2026-08-12 11:30:00,4.0579,224,3.8647,0.1237,0.1932,1.5616,1,unusually warm (outside 1 sigma)
2026-08-12 12:30:00,4.0443,224,3.8647,0.1237,0.1796,1.4517,1,unusually warm (outside 1 sigma)
2026-08-12 13:30:00,3.9215,224,3.8647,0.1237,0.0568,0.4592,0,normal
2026-08-12 14:30:00,3.9216,224,3.8647,0.1237,0.0569,0.4601,0,normal
2026-08-12 15:30:00,3.8623,224,3.8647,0.1237,-0.0024,-0.0193,0,normal
2026-08-12 16:30:00,3.872,224,3.8647,0.1237,0.0073,0.059,0,normal
2026-08-12 17:30:00,3.8765,224,3.8647,0.1237,0.0118,0.0951,0,normal
2026-08-12 18:30:00,3.8321,224,3.8647,0.1237,-0.0326,-0.2632,0,normal
2026-08-12 19:30:00,3.8539,224,3.8647,0.1237,-0.0108,-0.0872,0,normal
2026-08-12 20:30:00,3.8706,224,3.8647,0.1237,0.0059,0.0475,0,normal
2026-08-12 21:30:00,3.805,224,3.8647,0.1237,-0.0597,-0.4825,0,normal
2026-08-12 22:30:00,3.8054,224,3.8647,0.1237,-0.0593,-0.4797,0,normal
2026-08-12 23:30:00,3.7657,224,3.8647,0.1237,-0.099,-0.8001,0,normal
2026-08-13 00:30:00,3.8597,225,3.863,0.1247,-0.0033,-0.0265,0,normal
2026-08-13 01:30:00,3.9139,225,3.863,0.1247,0.0509,0.4082,0,normal
2026-08-13 02:30:00,3.893,225,3.863,0.1247,0.03,0.2405,0,normal
2026-08-13 03:30:00,3.7651,225,3.863,0.1247,-0.0979,-0.785,0,normal
2026-08-13 04:30:00,3.7731,225,3.863,0.1247,-0.0899,-0.721,0,normal
2026-08-13 05:30:00,3.8017,225,3.863,0.1247,-0.0613,-0.4915,0,normal
2026-08-13 06:30:00,3.8384,225,3.863,0.1247,-0.0246,-0.1969,0,normal
2026-08-13 07:30:00,3.8652,225,3.863,0.1247,0.0022,0.0178,0,normal
2026-08-13 08:30:00,3.9103,225,3.863,0.1247,0.0473,0.3791,0,normal
2026-08-13 09:30:00,4.0021,225,3.863,0.1247,0.1391,1.1152,1,unusually warm (outside 1 sigma)
2026-08-13 10:30:00,4.0308,225,3.863,0.1247,0.1678,1.3454,1,unusually warm (outside 1 sigma)
2026-08-13 11:30:00,4.0852,225,3.863,0.1247,0.2222,1.782,1,unusually warm (outside 1 sigma)
2026-08-13 12:30:00,4.1087,225,3.863,0.1247,0.2457,1.9707,1,unusually warm (outside 1 sigma)
2026-08-13 13:30:00,4.1129,225,3.863,0.1247,0.2499,2.0044,2,extreme warm (outside 2 sigma)
2026-08-13 14:30:00,4.1254,225,3.863,0.1247,0.2624,2.1041,2,extreme warm (outside 2 sigma)
2026-08-13 15:30:00,4.0516,225,3.863,0.1247,0.1886,1.5121,1,unusually warm (outside 1 sigma)
2026-08-13 16:30:00,4.0361,225,3.863,0.1247,0.1731,1.3878,1,unusually warm (outside 1 sigma)
2026-08-13 17:30:00,4.0552,225,3.863,0.1247,0.1922,1.5413,1,unusually warm (outside 1 sigma)
2026-08-13 18:30:00,3.9738,225,3.863,0.1247,0.1108,0.8884,0,normal
2026-08-13 19:30:00,3.953,225,3.863,0.1247,0.09,0.7215,0,normal
2026-08-13 20:30:00,3.9108,225,3.863,0.1247,0.0478,0.3834,0,normal
2026-08-13 21:30:00,3.8422,225,3.863,0.1247,-0.0208,-0.1665,0,normal
2026-08-13 22:30:00,3.9113,225,3.863,0.1247,0.0483,0.3875,0,normal
2026-08-13 23:30:00,3.8033,225,3.863,0.1247,-0.0597,-0.4787,0,normal
2026-08-14 00:30:00,3.791,226,3.8614,0.126,-0.0704,-0.5588,0,normal
2026-08-14 01:30:00,3.8754,226,3.8614,0.126,0.014,0.1112,0,normal
2026-08-14 02:30:00,3.8744,226,3.8614,0.126,0.013,0.1029,0,normal
2026-08-14 03:30:00,3.8145,226,3.8614,0.126,-0.0469,-0.3722,0,normal
2026-08-14 04:30:00,3.754,226,3.8614,0.126,-0.1074,-0.8526,0,normal
2026-08-14 05:30:00,3.8124,226,3.8614,0.126,-0.049,-0.3885,0,normal
2026-08-14 06:30:00,3.8801,226,3.8614,0.126,0.0187,0.1484,0,normal
2026-08-14 07:30:00,3.9011,226,3.8614,0.126,0.0397,0.3148,0,normal
2026-08-14 08:30:00,3.9383,226,3.8614,0.126,0.0769,0.6106,0,normal
2026-08-14 09:30:00,3.9325,226,3.8614,0.126,0.0711,0.5646,0,normal
2026-08-14 10:30:00,3.9785,226,3.8614,0.126,0.1171,0.9297,0,normal
2026-08-14 11:30:00,4.016,226,3.8614,0.126,0.1546,1.2269,1,unusually warm (outside 1 sigma)
2026-08-14 12:30:00,4.0959,226,3.8614,0.126,0.2345,1.8614,1,unusually warm (outside 1 sigma)
2026-08-14 13:30:00,4.1639,226,3.8614,0.126,0.3025,2.4012,2,extreme warm (outside 2 sigma)
2026-08-14 14:30:00,4.1083,226,3.8614,0.126,0.2469,1.9597,1,unusually warm (outside 1 sigma)
2026-08-14 15:30:00,3.9277,226,3.8614,0.126,0.0663,0.5261,0,normal
2026-08-14 16:30:00,3.9675,226,3.8614,0.126,0.1061,0.8424,0,normal
2026-08-14 17:30:00,3.9575,226,3.8614,0.126,0.0961,0.7626,0,normal
2026-08-14 18:30:00,3.9366,226,3.8614,0.126,0.0752,0.597,0,normal
2026-08-14 19:30:00,3.8895,226,3.8614,0.126,0.0281,0.2228,0,normal
2026-08-14 20:30:00,3.8582,226,3.8614,0.126,-0.0032,-0.0255,0,normal
2026-08-14 21:30:00,3.767,226,3.8614,0.126,-0.0944,-0.7492,0,normal
2026-08-14 22:30:00,3.7096,226,3.8614,0.126,-0.1518,-1.2047,1,unusually cool (outside 1 sigma)
2026-08-14 23:30:00,3.8187,226,3.8614,0.126,-0.0427,-0.339,0,normal
2026-08-15 00:30:00,3.8542,227,3.8601,0.1273,-0.0059,-0.046,0,normal
2026-08-15 01:30:00,3.8697,227,3.8601,0.1273,0.0096,0.0754,0,normal
2026-08-15 02:30:00,3.7771,227,3.8601,0.1273,-0.083,-0.652,0,normal
2026-08-15 03:30:00,3.7725,227,3.8601,0.1273,-0.0876,-0.6884,0,normal
2026-08-15 04:30:00,3.7824,227,3.8601,0.1273,-0.0777,-0.61,0,normal
2026-08-15 05:30:00,3.8285,227,3.8601,0.1273,-0.0316,-0.2482,0,normal
2026-08-15 06:30:00,3.8634,227,3.8601,0.1273,0.0033,0.0261,0,normal
2026-08-15 07:30:00,3.9098,227,3.8601,0.1273,0.0497,0.3904,0,normal
2026-08-15 08:30:00,3.9459,227,3.8601,0.1273,0.0858,0.6737,0,normal
2026-08-15 09:30:00,3.9876,227,3.8601,0.1273,0.1275,1.0019,1,unusually warm (outside 1 sigma)
2026-08-15 10:30:00,4.0451,227,3.8601,0.1273,0.185,1.4529,1,unusually warm (outside 1 sigma)
2026-08-15 11:30:00,4.1017,227,3.8601,0.1273,0.2416,1.8978,1,unusually warm (outside 1 sigma)
2026-08-15 12:30:00,4.0195,227,3.8601,0.1273,0.1594,1.2523,1,unusually warm (outside 1 sigma)
2026-08-15 13:30:00,4.1419,227,3.8601,0.1273,0.2818,2.2137,2,extreme warm (outside 2 sigma)
2026-08-15 14:30:00,4.1085,227,3.8601,0.1273,0.2484,1.9515,1,unusually warm (outside 1 sigma)
2026-08-15 15:30:00,3.9729,227,3.8601,0.1273,0.1128,0.8862,0,normal
2026-08-15 16:30:00,3.9417,227,3.8601,0.1273,0.0816,0.6412,0,normal
2026-08-15 17:30:00,3.9551,227,3.8601,0.1273,0.095,0.7463,0,normal
2026-08-15 18:30:00,3.9485,227,3.8601,0.1273,0.0884,0.6947,0,normal
2026-08-15 19:30:00,3.8539,227,3.8601,0.1273,-0.0062,-0.0491,0,normal
2026-08-15 20:30:00,3.8568,227,3.8601,0.1273,-0.0033,-0.0258,0,normal
2026-08-15 21:30:00,3.8792,227,3.8601,0.1273,0.0191,0.1499,0,normal
2026-08-15 22:30:00,3.8556,227,3.8601,0.1273,-0.0045,-0.0356,0,normal
2026-08-15 23:30:00,3.87,227,3.8601,0.1273,0.0099,0.0776,0,normal
2026-08-16 00:30:00,3.9255,228,3.8591,0.1284,0.0664,0.5168,0,normal
2026-08-16 01:30:00,3.9543,228,3.8591,0.1284,0.0952,0.7411,0,normal
2026-08-16 02:30:00,3.9918,228,3.8591,0.1284,0.1327,1.0338,1,unusually warm (outside 1 sigma)
2026-08-16 03:30:00,3.8958,228,3.8591,0.1284,0.0367,0.2856,0,normal
2026-08-16 04:30:00,3.875,228,3.8591,0.1284,0.0159,0.124,0,normal
2026-08-16 05:30:00,3.9222,228,3.8591,0.1284,0.0631,0.4917,0,normal
2026-08-16 06:30:00,4.0152,228,3.8591,0.1284,0.1561,1.2158,1,unusually warm (outside 1 sigma)
2026-08-16 07:30:00,4.055,228,3.8591,0.1284,0.1959,1.5261,1,unusually warm (outside 1 sigma)
2026-08-16 08:30:00,4.0604,228,3.8591,0.1284,0.2013,1.5677,1,unusually warm (outside 1 sigma)
2026-08-16 09:30:00,4.1302,228,3.8591,0.1284,0.2711,2.1114,2,extreme warm (outside 2 sigma)
2026-08-16 10:30:00,4.1112,228,3.8591,0.1284,0.2521,1.9632,1,unusually warm (outside 1 sigma)
2026-08-16 11:30:00,4.0425,228,3.8591,0.1284,0.1834,1.428,1,unusually warm (outside 1 sigma)
2026-08-16 12:30:00,4.1012,228,3.8591,0.1284,0.2421,1.8851,1,unusually warm (outside 1 sigma)
2026-08-16 13:30:00,4.1406,228,3.8591,0.1284,0.2815,2.1925,2,extreme warm (outside 2 sigma)
2026-08-16 14:30:00,4.1576,228,3.8591,0.1284,0.2985,2.3247,2,extreme warm (outside 2 sigma)
2026-08-16 15:30:00,4.0369,228,3.8591,0.1284,0.1778,1.3845,1,unusually warm (outside 1 sigma)
2026-08-16 16:30:00,3.9116,228,3.8591,0.1284,0.0525,0.4085,0,normal
2026-08-16 17:30:00,3.8457,228,3.8591,0.1284,-0.0134,-0.1041,0,normal
2026-08-16 18:30:00,3.7165,228,3.8591,0.1284,-0.1426,-1.1104,1,unusually cool (outside 1 sigma)
2026-08-16 19:30:00,3.7605,228,3.8591,0.1284,-0.0986,-0.7677,0,normal
2026-08-16 20:30:00,3.819,228,3.8591,0.1284,-0.0401,-0.3126,0,normal
2026-08-16 21:30:00,3.86,228,3.8591,0.1284,0.0009,0.0071,0,normal
2026-08-16 22:30:00,3.8968,228,3.8591,0.1284,0.0377,0.2938,0,normal
2026-08-16 23:30:00,3.9376,228,3.8591,0.1284,0.0785,0.6113,0,normal
2026-08-17 00:30:00,3.9883,229,3.8586,0.1291,0.1297,1.0045,1,unusually warm (outside 1 sigma)
2026-08-17 01:30:00,4.0403,229,3.8586,0.1291,0.1817,1.4071,1,unusually warm (outside 1 sigma)
2026-08-17 02:30:00,3.9638,229,3.8586,0.1291,0.1052,0.8147,0,normal
2026-08-17 03:30:00,3.989,229,3.8586,0.1291,0.1304,1.0104,1,unusually warm (outside 1 sigma)
2026-08-17 04:30:00,4.0015,229,3.8586,0.1291,0.1429,1.1072,1,unusually warm (outside 1 sigma)
2026-08-17 05:30:00,3.9213,229,3.8586,0.1291,0.0627,0.486,0,normal
2026-08-17 06:30:00,3.962,229,3.8586,0.1291,0.1034,0.8008,0,normal
2026-08-17 07:30:00,3.8846,229,3.8586,0.1291,0.026,0.2015,0,normal
2026-08-17 08:30:00,3.8601,229,3.8586,0.1291,0.0015,0.0117,0,normal
2026-08-17 09:30:00,3.8673,229,3.8586,0.1291,0.0087,0.0676,0,normal
2026-08-17 10:30:00,3.8982,229,3.8586,0.1291,0.0396,0.3067,0,normal
2026-08-17 11:30:00,3.9261,229,3.8586,0.1291,0.0675,0.5232,0,normal
2026-08-17 12:30:00,4.0059,229,3.8586,0.1291,0.1473,1.1406,1,unusually warm (outside 1 sigma)
2026-08-17 13:30:00,4.0367,229,3.8586,0.1291,0.1781,1.3795,1,unusually warm (outside 1 sigma)
2026-08-17 14:30:00,4.0454,229,3.8586,0.1291,0.1868,1.4466,1,unusually warm (outside 1 sigma)
2026-08-17 15:30:00,4.0,229,3.8586,0.1291,0.1414,1.095,1,unusually warm (outside 1 sigma)
2026-08-17 16:30:00,3.9175,229,3.8586,0.1291,0.0589,0.456,0,normal
2026-08-17 17:30:00,3.9156,229,3.8586,0.1291,0.057,0.4413,0,normal
2026-08-17 18:30:00,3.8853,229,3.8586,0.1291,0.0267,0.2069,0,normal
2026-08-17 19:30:00,3.9262,229,3.8586,0.1291,0.0676,0.5237,0,normal
2026-08-17 20:30:00,3.9273,229,3.8586,0.1291,0.0687,0.5322,0,normal
2026-08-17 21:30:00,3.9106,229,3.8586,0.1291,0.052,0.403,0,normal
2026-08-17 22:30:00,3.9114,229,3.8586,0.1291,0.0528,0.4093,0,normal
2026-08-17 23:30:00,3.9188,229,3.8586,0.1291,0.0602,0.4665,0,normal
2026-08-18 00:30:00,3.9229,230,3.8585,0.1292,0.0644,0.4981,0,normal
2026-08-18 01:30:00,3.979,230,3.8585,0.1292,0.1205,0.9329,0,normal
2026-08-18 02:30:00,4.0302,230,3.8585,0.1292,0.1717,1.3291,1,unusually warm (outside 1 sigma)
2026-08-18 03:30:00,4.0524,230,3.8585,0.1292,0.1939,1.5009,1,unusually warm (outside 1 sigma)
2026-08-18 04:30:00,4.049,230,3.8585,0.1292,0.1905,1.4741,1,unusually warm (outside 1 sigma)
2026-08-18 05:30:00,4.002,230,3.8585,0.1292,0.1435,1.1105,1,unusually warm (outside 1 sigma)
2026-08-18 06:30:00,3.8891,230,3.8585,0.1292,0.0306,0.2369,0,normal
2026-08-18 07:30:00,3.9023,230,3.8585,0.1292,0.0438,0.3387,0,normal
2026-08-18 08:30:00,3.9545,230,3.8585,0.1292,0.096,0.7434,0,normal
2026-08-18 09:30:00,3.9227,230,3.8585,0.1292,0.0642,0.4971,0,normal
2026-08-18 10:30:00,3.9574,230,3.8585,0.1292,0.0989,0.7655,0,normal
2026-08-18 11:30:00,3.9309,230,3.8585,0.1292,0.0724,0.5605,0,normal
2026-08-18 12:30:00,3.8905,230,3.8585,0.1292,0.032,0.2477,0,normal
2026-08-18 13:30:00,3.9332,230,3.8585,0.1292,0.0747,0.5784,0,normal
2026-08-18 14:30:00,3.9939,230,3.8585,0.1292,0.1354,1.0479,1,unusually warm (outside 1 sigma)
2026-08-18 15:30:00,4.0316,230,3.8585,0.1292,0.1731,1.3395,1,unusually warm (outside 1 sigma)
2026-08-18 16:30:00,4.0353,230,3.8585,0.1292,0.1768,1.3683,1,unusually warm (outside 1 sigma)
2026-08-18 17:30:00,3.9093,230,3.8585,0.1292,0.0508,0.393,0,normal
2026-08-18 18:30:00,3.868,230,3.8585,0.1292,0.0095,0.0733,0,normal
2026-08-18 20:30:00,3.9386,230,3.8585,0.1292,0.0801,0.6198,0,normal
2026-08-18 21:30:00,3.9947,230,3.8585,0.1292,0.1362,1.0544,1,unusually warm (outside 1 sigma)
2026-08-18 22:30:00,4.0333,230,3.8585,0.1292,0.1748,1.3531,1,unusually warm (outside 1 sigma)
2026-08-18 23:30:00,4.0499,230,3.8585,0.1292,0.1914,1.4815,1,unusually warm (outside 1 sigma)
2026-08-19 01:30:00,3.9635,231,3.859,0.1293,0.1045,0.8082,0,normal
2026-08-19 02:30:00,3.9602,231,3.859,0.1293,0.1012,0.7827,0,normal
2026-08-19 03:30:00,4.043,231,3.859,0.1293,0.184,1.4232,1,unusually warm (outside 1 sigma)
2026-08-19 04:30:00,4.1227,231,3.859,0.1293,0.2637,2.0396,2,extreme warm (outside 2 sigma)
2026-08-19 05:30:00,4.0653,231,3.859,0.1293,0.2063,1.5957,1,unusually warm (outside 1 sigma)
2026-08-19 06:30:00,3.893,231,3.859,0.1293,0.034,0.2631,0,normal
2026-08-19 07:30:00,3.8847,231,3.859,0.1293,0.0257,0.1984,0,normal
2026-08-19 08:30:00,3.9173,231,3.859,0.1293,0.0583,0.4505,0,normal
2026-08-19 09:30:00,3.9568,231,3.859,0.1293,0.0978,0.7565,0,normal
2026-08-19 10:30:00,3.9723,231,3.859,0.1293,0.1133,0.8762,0,normal
2026-08-19 11:30:00,3.9978,231,3.859,0.1293,0.1388,1.0736,1,unusually warm (outside 1 sigma)
2026-08-19 12:30:00,4.0097,231,3.859,0.1293,0.1507,1.1651,1,unusually warm (outside 1 sigma)
2026-08-19 13:30:00,4.0182,231,3.859,0.1293,0.1592,1.2315,1,unusually warm (outside 1 sigma)
2026-08-19 14:30:00,4.0348,231,3.859,0.1293,0.1758,1.3596,1,unusually warm (outside 1 sigma)
2026-08-19 15:30:00,4.074,231,3.859,0.1293,0.215,1.6628,1,unusually warm (outside 1 sigma)
2026-08-19 16:30:00,4.0868,231,3.859,0.1293,0.2278,1.7615,1,unusually warm (outside 1 sigma)
2026-08-19 17:30:00,4.0871,231,3.859,0.1293,0.2281,1.7644,1,unusually warm (outside 1 sigma)
2026-08-19 18:30:00,3.9718,231,3.859,0.1293,0.1128,0.8725,0,normal
2026-08-19 19:30:00,3.9376,231,3.859,0.1293,0.0786,0.6075,0,normal
2026-08-19 20:30:00,3.9621,231,3.859,0.1293,0.1031,0.7977,0,normal
2026-08-19 21:30:00,4.0339,231,3.859,0.1293,0.1749,1.353,1,unusually warm (outside 1 sigma)
2026-08-19 22:30:00,4.07,231,3.859,0.1293,0.211,1.6318,1,unusually warm (outside 1 sigma)
2026-08-19 23:30:00,4.0598,231,3.859,0.1293,0.2008,1.553,1,unusually warm (outside 1 sigma)
2026-08-20 00:30:00,4.0434,232,3.8597,0.1294,0.1837,1.4197,1,unusually warm (outside 1 sigma)
2026-08-20 01:30:00,3.9907,232,3.8597,0.1294,0.131,1.0125,1,unusually warm (outside 1 sigma)
2026-08-20 02:30:00,4.063,232,3.8597,0.1294,0.2033,1.5708,1,unusually warm (outside 1 sigma)
2026-08-20 03:30:00,4.1104,232,3.8597,0.1294,0.2507,1.9377,1,unusually warm (outside 1 sigma)
2026-08-20 04:30:00,4.1318,232,3.8597,0.1294,0.2721,2.1026,2,extreme warm (outside 2 sigma)
2026-08-20 05:30:00,4.0958,232,3.8597,0.1294,0.2361,1.8249,1,unusually warm (outside 1 sigma)
2026-08-20 06:30:00,4.1204,232,3.8597,0.1294,0.2607,2.0148,2,extreme warm (outside 2 sigma)
2026-08-20 07:30:00,4.0605,232,3.8597,0.1294,0.2008,1.5518,1,unusually warm (outside 1 sigma)
2026-08-20 08:30:00,3.9886,232,3.8597,0.1294,0.1289,0.9962,0,normal
2026-08-20 09:30:00,4.0363,232,3.8597,0.1294,0.1766,1.3648,1,unusually warm (outside 1 sigma)
2026-08-20 10:30:00,4.0986,232,3.8597,0.1294,0.2389,1.8465,1,unusually warm (outside 1 sigma)
2026-08-20 11:30:00,4.0276,232,3.8597,0.1294,0.1679,1.2972,1,unusually warm (outside 1 sigma)
2026-08-20 12:30:00,3.9502,232,3.8597,0.1294,0.0905,0.6994,0,normal
2026-08-20 13:30:00,3.951,232,3.8597,0.1294,0.0913,0.7053,0,normal
2026-08-20 14:30:00,3.9415,232,3.8597,0.1294,0.0818,0.6323,0,normal
2026-08-20 15:30:00,4.0095,232,3.8597,0.1294,0.1498,1.1574,1,unusually warm (outside 1 sigma)
2026-08-20 16:30:00,4.0721,232,3.8597,0.1294,0.2124,1.6415,1,unusually warm (outside 1 sigma)
2026-08-20 17:30:00,4.1056,232,3.8597,0.1294,0.2459,1.9,1,unusually warm (outside 1 sigma)
2026-08-20 18:30:00,4.1303,232,3.8597,0.1294,0.2706,2.0912,2,extreme warm (outside 2 sigma)
2026-08-20 19:30:00,4.0022,232,3.8597,0.1294,0.1425,1.1012,1,unusually warm (outside 1 sigma)
2026-08-20 20:30:00,3.9982,232,3.8597,0.1294,0.1385,1.0705,1,unusually warm (outside 1 sigma)
2026-08-20 21:30:00,4.0504,232,3.8597,0.1294,0.1907,1.4734,1,unusually warm (outside 1 sigma)
2026-08-20 22:30:00,4.1099,232,3.8597,0.1294,0.2502,1.9339,1,unusually warm (outside 1 sigma)
2026-08-20 23:30:00,4.1267,232,3.8597,0.1294,0.267,2.0637,2,extreme warm (outside 2 sigma)
2026-08-21 00:30:00,4.125,233,3.8605,0.1297,0.2645,2.0394,2,extreme warm (outside 2 sigma)
2026-08-21 01:30:00,4.1415,233,3.8605,0.1297,0.281,2.1666,2,extreme warm (outside 2 sigma)
2026-08-21 02:30:00,4.1577,233,3.8605,0.1297,0.2972,2.2912,2,extreme warm (outside 2 sigma)
2026-08-21 03:30:00,4.1907,233,3.8605,0.1297,0.3302,2.5461,2,extreme warm (outside 2 sigma)
2026-08-21 04:30:00,4.2383,233,3.8605,0.1297,0.3778,2.913,2,extreme warm (outside 2 sigma)
2026-08-21 05:30:00,4.274,233,3.8605,0.1297,0.4135,3.1881,2,extreme warm (outside 2 sigma)
2026-08-21 06:30:00,4.2803,233,3.8605,0.1297,0.4198,3.2366,2,extreme warm (outside 2 sigma)
2026-08-21 07:30:00,4.1088,233,3.8605,0.1297,0.2483,1.9141,1,unusually warm (outside 1 sigma)
2026-08-21 08:30:00,3.974,233,3.8605,0.1297,0.1135,0.8755,0,normal
2026-08-21 09:30:00,3.9437,233,3.8605,0.1297,0.0832,0.6418,0,normal
2026-08-21 10:30:00,3.9946,233,3.8605,0.1297,0.1341,1.0343,1,unusually warm (outside 1 sigma)
2026-08-21 11:30:00,4.0535,233,3.8605,0.1297,0.193,1.4879,1,unusually warm (outside 1 sigma)
2026-08-21 12:30:00,3.9342,233,3.8605,0.1297,0.0737,0.5679,0,normal
2026-08-21 13:30:00,3.916,233,3.8605,0.1297,0.0555,0.4282,0,normal
2026-08-21 14:30:00,3.9507,233,3.8605,0.1297,0.0902,0.6956,0,normal
2026-08-21 15:30:00,3.958,233,3.8605,0.1297,0.0975,0.7521,0,normal
2026-08-21 16:30:00,4.0134,233,3.8605,0.1297,0.1529,1.1787,1,unusually warm (outside 1 sigma)
2026-08-21 17:30:00,4.0523,233,3.8605,0.1297,0.1918,1.4784,1,unusually warm (outside 1 sigma)
2026-08-21 18:30:00,4.0424,233,3.8605,0.1297,0.1819,1.4028,1,unusually warm (outside 1 sigma)
2026-08-21 19:30:00,3.9568,233,3.8605,0.1297,0.0963,0.7428,0,normal
2026-08-21 20:30:00,3.9819,233,3.8605,0.1297,0.1214,0.9356,0,normal
2026-08-21 21:30:00,3.8941,233,3.8605,0.1297,0.0336,0.2591,0,normal
2026-08-21 22:30:00,3.8971,233,3.8605,0.1297,0.0366,0.2823,0,normal
2026-08-21 23:30:00,4.0578,233,3.8605,0.1297,0.1973,1.5211,1,unusually warm (outside 1 sigma)
2026-08-22 00:30:00,4.0177,234,3.8612,0.1302,0.1565,1.2023,1,unusually warm (outside 1 sigma)
2026-08-22 01:30:00,3.9571,234,3.8612,0.1302,0.0959,0.7367,0,normal
2026-08-22 02:30:00,3.9436,234,3.8612,0.1302,0.0824,0.6326,0,normal
2026-08-22 03:30:00,3.9809,234,3.8612,0.1302,0.1197,0.9197,0,normal
2026-08-22 04:30:00,4.0364,234,3.8612,0.1302,0.1752,1.3458,1,unusually warm (outside 1 sigma)
2026-08-22 05:30:00,4.0686,234,3.8612,0.1302,0.2074,1.5931,1,unusually warm (outside 1 sigma)
2026-08-22 06:30:00,4.0952,234,3.8612,0.1302,0.234,1.7972,1,unusually warm (outside 1 sigma)
2026-08-22 07:30:00,4.0839,234,3.8612,0.1302,0.2227,1.7103,1,unusually warm (outside 1 sigma)
2026-08-22 08:30:00,4.0534,234,3.8612,0.1302,0.1922,1.476,1,unusually warm (outside 1 sigma)
2026-08-22 09:30:00,3.9612,234,3.8612,0.1302,0.1,0.7678,0,normal
2026-08-22 10:30:00,3.927,234,3.8612,0.1302,0.0658,0.5057,0,normal
2026-08-22 11:30:00,3.9173,234,3.8612,0.1302,0.0561,0.4312,0,normal
2026-08-22 12:30:00,3.9294,234,3.8612,0.1302,0.0682,0.5235,0,normal
2026-08-22 13:30:00,3.938,234,3.8612,0.1302,0.0768,0.5901,0,normal
2026-08-22 14:30:00,3.9396,234,3.8612,0.1302,0.0784,0.6021,0,normal
2026-08-22 15:30:00,3.9475,234,3.8612,0.1302,0.0863,0.6629,0,normal
2026-08-22 16:30:00,3.9557,234,3.8612,0.1302,0.0945,0.7256,0,normal
2026-08-22 17:30:00,3.986,234,3.8612,0.1302,0.1248,0.9586,0,normal
2026-08-22 18:30:00,3.9993,234,3.8612,0.1302,0.1381,1.0609,1,unusually warm (outside 1 sigma)
2026-08-22 19:30:00,4.0153,234,3.8612,0.1302,0.1541,1.1833,1,unusually warm (outside 1 sigma)
2026-08-22 20:30:00,4.0674,234,3.8612,0.1302,0.2062,1.5836,1,unusually warm (outside 1 sigma)
2026-08-22 21:30:00,4.0538,234,3.8612,0.1302,0.1926,1.4793,1,unusually warm (outside 1 sigma)
2026-08-22 22:30:00,3.9668,234,3.8612,0.1302,0.1056,0.8113,0,normal
2026-08-22 23:30:00,3.907,234,3.8612,0.1302,0.0458,0.352,0,normal
2026-08-23 00:30:00,4.0169,235,3.8618,0.1307,0.1551,1.1868,1,unusually warm (outside 1 sigma)
2026-08-23 01:30:00,4.0671,235,3.8618,0.1307,0.2053,1.5706,1,unusually warm (outside 1 sigma)
2026-08-23 02:30:00,4.0381,235,3.8618,0.1307,0.1763,1.3492,1,unusually warm (outside 1 sigma)
2026-08-23 03:30:00,4.0471,235,3.8618,0.1307,0.1853,1.4178,1,unusually warm (outside 1 sigma)
2026-08-23 04:30:00,3.997,235,3.8618,0.1307,0.1352,1.0345,1,unusually warm (outside 1 sigma)
2026-08-23 05:30:00,4.0174,235,3.8618,0.1307,0.1556,1.1905,1,unusually warm (outside 1 sigma)
2026-08-23 06:30:00,4.0656,235,3.8618,0.1307,0.2038,1.559,1,unusually warm (outside 1 sigma)
2026-08-23 07:30:00,4.1871,235,3.8618,0.1307,0.3253,2.489,2,extreme warm (outside 2 sigma)
2026-08-23 08:30:00,4.2071,235,3.8618,0.1307,0.3453,2.6419,2,extreme warm (outside 2 sigma)
2026-08-23 09:30:00,4.1618,235,3.8618,0.1307,0.3,2.2953,2,extreme warm (outside 2 sigma)
2026-08-23 10:30:00,4.0618,235,3.8618,0.1307,0.2,1.5305,1,unusually warm (outside 1 sigma)
2026-08-23 11:30:00,4.0288,235,3.8618,0.1307,0.167,1.2781,1,unusually warm (outside 1 sigma)
2026-08-23 12:30:00,4.0555,235,3.8618,0.1307,0.1937,1.482,1,unusually warm (outside 1 sigma)
2026-08-23 13:30:00,4.0253,235,3.8618,0.1307,0.1635,1.2506,1,unusually warm (outside 1 sigma)
2026-08-23 14:30:00,3.9552,235,3.8618,0.1307,0.0934,0.7147,0,normal
2026-08-23 15:30:00,3.8997,235,3.8618,0.1307,0.0379,0.2903,0,normal
2026-08-23 16:30:00,3.9501,235,3.8618,0.1307,0.0883,0.6755,0,normal
2026-08-23 17:30:00,3.9799,235,3.8618,0.1307,0.1181,0.9038,0,normal
2026-08-23 18:30:00,4.0127,235,3.8618,0.1307,0.1509,1.1547,1,unusually warm (outside 1 sigma)
2026-08-23 19:30:00,4.0297,235,3.8618,0.1307,0.1679,1.2848,1,unusually warm (outside 1 sigma)
2026-08-23 20:30:00,4.0569,235,3.8618,0.1307,0.1951,1.4929,1,unusually warm (outside 1 sigma)
2026-08-23 21:30:00,4.007,235,3.8618,0.1307,0.1452,1.1109,1,unusually warm (outside 1 sigma)
2026-08-23 22:30:00,3.9686,235,3.8618,0.1307,0.1068,0.8169,0,normal
2026-08-23 23:30:00,4.0065,235,3.8618,0.1307,0.1447,1.1072,1,unusually warm (outside 1 sigma)
2026-08-24 00:30:00,4.011,236,3.8621,0.1311,0.1489,1.1358,1,unusually warm (outside 1 sigma)
2026-08-24 01:30:00,4.0531,236,3.8621,0.1311,0.191,1.4566,1,unusually warm (outside 1 sigma)
2026-08-24 02:30:00,3.9087,236,3.8621,0.1311,0.0466,0.3556,0,normal
2026-08-24 03:30:00,3.8421,236,3.8621,0.1311,-0.02,-0.1528,0,normal
2026-08-24 04:30:00,3.8989,236,3.8621,0.1311,0.0368,0.2807,0,normal
2026-08-24 05:30:00,3.9666,236,3.8621,0.1311,0.1045,0.7974,0,normal
2026-08-24 06:30:00,4.0258,236,3.8621,0.1311,0.1637,1.2488,1,unusually warm (outside 1 sigma)
2026-08-24 07:30:00,4.0311,236,3.8621,0.1311,0.169,1.2891,1,unusually warm (outside 1 sigma)
2026-08-24 08:30:00,4.0486,236,3.8621,0.1311,0.1865,1.4227,1,unusually warm (outside 1 sigma)
2026-08-24 09:30:00,4.0109,236,3.8621,0.1311,0.1488,1.1348,1,unusually warm (outside 1 sigma)
2026-08-24 10:30:00,3.923,236,3.8621,0.1311,0.0609,0.4646,0,normal
2026-08-24 11:30:00,3.917,236,3.8621,0.1311,0.0549,0.4185,0,normal
2026-08-24 12:30:00,3.9206,236,3.8621,0.1311,0.0585,0.4459,0,normal
2026-08-24 13:30:00,3.9055,236,3.8621,0.1311,0.0434,0.3309,0,normal
2026-08-24 14:30:00,3.8891,236,3.8621,0.1311,0.027,0.2062,0,normal
2026-08-24 15:30:00,3.8913,236,3.8621,0.1311,0.0292,0.2228,0,normal
2026-08-24 16:30:00,3.8762,236,3.8621,0.1311,0.0141,0.1078,0,normal
2026-08-24 17:30:00,3.8896,236,3.8621,0.1311,0.0275,0.2097,0,normal
2026-08-24 18:30:00,3.9174,236,3.8621,0.1311,0.0553,0.4218,0,normal
2026-08-24 19:30:00,3.964,236,3.8621,0.1311,0.1019,0.7774,0,normal
2026-08-24 20:30:00,3.9766,236,3.8621,0.1311,0.1145,0.8737,0,normal
2026-08-24 21:30:00,3.9981,236,3.8621,0.1311,0.136,1.0372,1,unusually warm (outside 1 sigma)
2026-08-24 22:30:00,4.0119,236,3.8621,0.1311,0.1498,1.1429,1,unusually warm (outside 1 sigma)
2026-08-24 23:30:00,4.0292,236,3.8621,0.1311,0.1671,1.275,1,unusually warm (outside 1 sigma)
2026-08-25 00:30:00,4.0535,237,3.8619,0.1308,0.1916,1.4646,1,unusually warm (outside 1 sigma)
2026-08-25 01:30:00,4.0597,237,3.8619,0.1308,0.1978,1.5122,1,unusually warm (outside 1 sigma)
2026-08-25 02:30:00,4.0092,237,3.8619,0.1308,0.1473,1.1259,1,unusually warm (outside 1 sigma)
2026-08-25 03:30:00,4.0075,237,3.8619,0.1308,0.1456,1.1133,1,unusually warm (outside 1 sigma)
2026-08-25 04:30:00,4.0268,237,3.8619,0.1308,0.1649,1.2608,1,unusually warm (outside 1 sigma)
2026-08-25 05:30:00,4.066,237,3.8619,0.1308,0.2041,1.5606,1,unusually warm (outside 1 sigma)
2026-08-25 06:30:00,4.0962,237,3.8619,0.1308,0.2343,1.7911,1,unusually warm (outside 1 sigma)
2026-08-25 07:30:00,4.0739,237,3.8619,0.1308,0.212,1.6205,1,unusually warm (outside 1 sigma)
2026-08-25 08:30:00,4.0934,237,3.8619,0.1308,0.2315,1.7697,1,unusually warm (outside 1 sigma)
2026-08-25 09:30:00,4.1132,237,3.8619,0.1308,0.2513,1.9212,1,unusually warm (outside 1 sigma)
2026-08-25 10:30:00,4.1285,237,3.8619,0.1308,0.2666,2.0382,2,extreme warm (outside 2 sigma)
2026-08-25 11:30:00,4.0607,237,3.8619,0.1308,0.1988,1.5198,1,unusually warm (outside 1 sigma)
2026-08-25 12:30:00,4.0551,237,3.8619,0.1308,0.1932,1.477,1,unusually warm (outside 1 sigma)
2026-08-25 13:30:00,4.0775,237,3.8619,0.1308,0.2156,1.648,1,unusually warm (outside 1 sigma)
2026-08-25 14:30:00,3.9992,237,3.8619,0.1308,0.1373,1.05,1,unusually warm (outside 1 sigma)
2026-08-25 15:30:00,3.9646,237,3.8619,0.1308,0.1027,0.7852,0,normal
2026-08-25 16:30:00,3.8432,237,3.8619,0.1308,-0.0187,-0.1428,0,normal
2026-08-25 17:30:00,3.7804,237,3.8619,0.1308,-0.0815,-0.6233,0,normal
2026-08-25 18:30:00,3.8025,237,3.8619,0.1308,-0.0594,-0.4542,0,normal
2026-08-25 19:30:00,3.84,237,3.8619,0.1308,-0.0219,-0.1675,0,normal
2026-08-25 20:30:00,3.9661,237,3.8619,0.1308,0.1042,0.7966,0,normal
2026-08-25 21:30:00,4.011,237,3.8619,0.1308,0.1491,1.1396,1,unusually warm (outside 1 sigma)
2026-08-25 22:30:00,3.9288,237,3.8619,0.1308,0.0669,0.5114,0,normal
2026-08-25 23:30:00,3.8982,237,3.8619,0.1308,0.0363,0.2776,0,normal
2026-08-26 00:30:00,3.9359,238,3.861,0.1303,0.0749,0.5748,0,normal
2026-08-26 01:30:00,3.8772,238,3.861,0.1303,0.0162,0.1247,0,normal
2026-08-26 02:30:00,3.7546,238,3.861,0.1303,-0.1064,-0.8168,0,normal
2026-08-26 03:30:00,3.7333,238,3.861,0.1303,-0.1277,-0.9803,0,normal
2026-08-26 04:30:00,3.7754,238,3.861,0.1303,-0.0856,-0.6572,0,normal
2026-08-26 05:30:00,3.7905,238,3.861,0.1303,-0.0705,-0.5412,0,normal
2026-08-26 06:30:00,3.8182,238,3.861,0.1303,-0.0428,-0.3288,0,normal
2026-08-26 07:30:00,3.8357,238,3.861,0.1303,-0.0253,-0.1944,0,normal
2026-08-26 08:30:00,3.8567,238,3.861,0.1303,-0.0043,-0.0332,0,normal
2026-08-26 09:30:00,3.8985,238,3.861,0.1303,0.0375,0.2877,0,normal
2026-08-26 10:30:00,3.9168,238,3.861,0.1303,0.0558,0.4279,0,normal
2026-08-26 11:30:00,3.9002,238,3.861,0.1303,0.0392,0.3011,0,normal
2026-08-26 12:30:00,3.8907,238,3.861,0.1303,0.0297,0.228,0,normal
2026-08-26 13:30:00,3.8974,238,3.861,0.1303,0.0364,0.279,0,normal
2026-08-26 14:30:00,3.8741,238,3.861,0.1303,0.0131,0.1007,0,normal
2026-08-26 15:30:00,3.8671,238,3.861,0.1303,0.0061,0.0465,0,normal
2026-08-26 16:30:00,3.8435,238,3.861,0.1303,-0.0175,-0.1344,0,normal
2026-08-26 17:30:00,3.8469,238,3.861,0.1303,-0.0141,-0.1085,0,normal
2026-08-26 18:30:00,3.8765,238,3.861,0.1303,0.0155,0.119,0,normal
2026-08-26 19:30:00,3.8575,238,3.861,0.1303,-0.0035,-0.0265,0,normal
2026-08-26 20:30:00,3.8973,238,3.861,0.1303,0.0363,0.2788,0,normal
2026-08-26 21:30:00,3.9159,238,3.861,0.1303,0.0549,0.4213,0,normal
2026-08-26 22:30:00,3.9219,238,3.861,0.1303,0.0609,0.4677,0,normal
2026-08-26 23:30:00,3.9371,238,3.861,0.1303,0.0761,0.5842,0,normal
2026-08-27 00:30:00,3.9558,239,3.8592,0.1293,0.0966,0.7472,0,normal
2026-08-27 01:30:00,3.9935,239,3.8592,0.1293,0.1343,1.0388,1,unusually warm (outside 1 sigma)
2026-08-27 02:30:00,4.0418,239,3.8592,0.1293,0.1826,1.4121,1,unusually warm (outside 1 sigma)
2026-08-27 03:30:00,4.0345,239,3.8592,0.1293,0.1753,1.3558,1,unusually warm (outside 1 sigma)
2026-08-27 04:30:00,3.9878,239,3.8592,0.1293,0.1286,0.9943,0,normal
2026-08-27 05:30:00,3.982,239,3.8592,0.1293,0.1228,0.9498,0,normal
2026-08-27 06:30:00,3.9446,239,3.8592,0.1293,0.0854,0.6606,0,normal
2026-08-27 07:30:00,3.9821,239,3.8592,0.1293,0.1229,0.9501,0,normal
2026-08-27 08:30:00,3.9644,239,3.8592,0.1293,0.1052,0.8138,0,normal
2026-08-27 09:30:00,4.1549,239,3.8592,0.1293,0.2957,2.2869,2,extreme warm (outside 2 sigma)
2026-08-27 10:30:00,4.1831,239,3.8592,0.1293,0.3239,2.5052,2,extreme warm (outside 2 sigma)
2026-08-27 11:30:00,4.2256,239,3.8592,0.1293,0.3664,2.8336,2,extreme warm (outside 2 sigma)
2026-08-27 12:30:00,4.1026,239,3.8592,0.1293,0.2434,1.8823,1,unusually warm (outside 1 sigma)
2026-08-27 13:30:00,3.9924,239,3.8592,0.1293,0.1332,1.0301,1,unusually warm (outside 1 sigma)
2026-08-27 14:30:00,3.967,239,3.8592,0.1293,0.1078,0.8337,0,normal
2026-08-27 15:30:00,3.9437,239,3.8592,0.1293,0.0845,0.6537,0,normal
2026-08-27 16:30:00,3.9023,239,3.8592,0.1293,0.0431,0.3337,0,normal
2026-08-27 17:30:00,3.8571,239,3.8592,0.1293,-0.0021,-0.0163,0,normal
2026-08-27 18:30:00,3.8097,239,3.8592,0.1293,-0.0495,-0.3825,0,normal
2026-08-27 19:30:00,3.8077,239,3.8592,0.1293,-0.0515,-0.3981,0,normal
2026-08-27 20:30:00,3.9212,239,3.8592,0.1293,0.062,0.4796,0,normal
2026-08-27 21:30:00,3.9667,239,3.8592,0.1293,0.1075,0.8311,0,normal
2026-08-27 22:30:00,3.9906,239,3.8592,0.1293,0.1314,1.0161,1,unusually warm (outside 1 sigma)
2026-08-27 23:30:00,4.0456,239,3.8592,0.1293,0.1864,1.4417,1,unusually warm (outside 1 sigma)
2026-08-28 00:30:00,4.1133,240,3.8568,0.1285,0.2565,1.9959,1,unusually warm (outside 1 sigma)
2026-08-28 01:30:00,4.1131,240,3.8568,0.1285,0.2563,1.9943,1,unusually warm (outside 1 sigma)
2026-08-28 02:30:00,3.9751,240,3.8568,0.1285,0.1183,0.9208,0,normal
2026-08-28 03:30:00,3.9437,240,3.8568,0.1285,0.0869,0.676,0,normal
2026-08-28 04:30:00,3.8718,240,3.8568,0.1285,0.015,0.1171,0,normal
2026-08-28 05:30:00,3.8559,240,3.8568,0.1285,-0.0009,-0.0073,0,normal
2026-08-28 06:30:00,3.9833,240,3.8568,0.1285,0.1265,0.9841,0,normal
2026-08-28 07:30:00,4.0007,240,3.8568,0.1285,0.1439,1.1195,1,unusually warm (outside 1 sigma)
2026-08-28 08:30:00,3.8491,240,3.8568,0.1285,-0.0077,-0.06,0,normal
2026-08-28 09:30:00,4.0347,240,3.8568,0.1285,0.1779,1.3842,1,unusually warm (outside 1 sigma)
2026-08-28 10:30:00,4.1503,240,3.8568,0.1285,0.2935,2.2843,2,extreme warm (outside 2 sigma)
2026-08-28 11:30:00,4.1924,240,3.8568,0.1285,0.3356,2.6121,2,extreme warm (outside 2 sigma)
2026-08-28 12:30:00,4.2517,240,3.8568,0.1285,0.3949,3.0733,2,extreme warm (outside 2 sigma)
2026-08-28 13:30:00,4.0398,240,3.8568,0.1285,0.183,1.4238,1,unusually warm (outside 1 sigma)
2026-08-28 14:30:00,4.0398,240,3.8568,0.1285,0.183,1.4241,1,unusually warm (outside 1 sigma)
2026-08-28 15:30:00,3.8835,240,3.8568,0.1285,0.0267,0.208,0,normal
2026-08-28 16:30:00,3.8445,240,3.8568,0.1285,-0.0123,-0.0954,0,normal
2026-08-28 17:30:00,3.8176,240,3.8568,0.1285,-0.0392,-0.3053,0,normal
2026-08-28 18:30:00,3.7558,240,3.8568,0.1285,-0.101,-0.7859,0,normal
2026-08-28 19:30:00,3.7246,240,3.8568,0.1285,-0.1322,-1.0285,1,unusually cool (outside 1 sigma)
2026-08-28 20:30:00,3.7497,240,3.8568,0.1285,-0.1071,-0.8335,0,normal
2026-08-28 21:30:00,3.8279,240,3.8568,0.1285,-0.0289,-0.2248,0,normal
2026-08-28 22:30:00,3.9055,240,3.8568,0.1285,0.0487,0.3789,0,normal
2026-08-28 23:30:00,3.9423,240,3.8568,0.1285,0.0855,0.6657,0,normal
2026-08-29 00:30:00,3.9786,241,3.8536,0.1276,0.125,0.9794,0,normal
2026-08-29 01:30:00,4.0767,241,3.8536,0.1276,0.2231,1.7488,1,unusually warm (outside 1 sigma)
2026-08-29 02:30:00,4.1375,241,3.8536,0.1276,0.2839,2.2249,2,extreme warm (outside 2 sigma)
2026-08-29 03:30:00,3.9317,241,3.8536,0.1276,0.0781,0.6124,0,normal
2026-08-29 04:30:00,3.8044,241,3.8536,0.1276,-0.0492,-0.3854,0,normal
2026-08-29 05:30:00,3.8257,241,3.8536,0.1276,-0.0279,-0.2184,0,normal
2026-08-29 06:30:00,3.8095,241,3.8536,0.1276,-0.0441,-0.3455,0,normal
2026-08-29 07:30:00,3.8087,241,3.8536,0.1276,-0.0449,-0.3521,0,normal
2026-08-29 08:30:00,3.8508,241,3.8536,0.1276,-0.0028,-0.0219,0,normal
2026-08-29 09:30:00,3.8821,241,3.8536,0.1276,0.0285,0.223,0,normal
2026-08-29 10:30:00,3.9161,241,3.8536,0.1276,0.0625,0.4895,0,normal
2026-08-29 11:30:00,3.9242,241,3.8536,0.1276,0.0706,0.5533,0,normal
2026-08-29 12:30:00,3.9176,241,3.8536,0.1276,0.064,0.502,0,normal
2026-08-29 13:30:00,3.9582,241,3.8536,0.1276,0.1046,0.8196,0,normal
2026-08-29 14:30:00,3.9732,241,3.8536,0.1276,0.1196,0.9372,0,normal
2026-08-29 15:30:00,4.0121,241,3.8536,0.1276,0.1585,1.2425,1,unusually warm (outside 1 sigma)
2026-08-29 16:30:00,4.0131,241,3.8536,0.1276,0.1595,1.2496,1,unusually warm (outside 1 sigma)
2026-08-29 17:30:00,3.91,241,3.8536,0.1276,0.0564,0.4422,0,normal
2026-08-29 18:30:00,3.7957,241,3.8536,0.1276,-0.0579,-0.454,0,normal
2026-08-29 19:30:00,3.7886,241,3.8536,0.1276,-0.065,-0.509,0,normal
2026-08-29 20:30:00,3.7704,241,3.8536,0.1276,-0.0832,-0.6518,0,normal
2026-08-29 21:30:00,3.8488,241,3.8536,0.1276,-0.0048,-0.0373,0,normal
2026-08-29 22:30:00,3.8752,241,3.8536,0.1276,0.0216,0.1689,0,normal
2026-08-29 23:30:00,3.9072,241,3.8536,0.1276,0.0536,0.4201,0,normal
2026-08-30 00:30:00,3.9181,242,3.8502,0.1274,0.0679,0.5326,0,normal
2026-08-30 01:30:00,3.9629,242,3.8502,0.1274,0.1127,0.8848,0,normal
2026-08-30 02:30:00,4.0182,242,3.8502,0.1274,0.168,1.3186,1,unusually warm (outside 1 sigma)
2026-08-30 03:30:00,4.0693,242,3.8502,0.1274,0.2191,1.7197,1,unusually warm (outside 1 sigma)
2026-08-30 04:30:00,4.0587,242,3.8502,0.1274,0.2085,1.6363,1,unusually warm (outside 1 sigma)
2026-08-30 05:30:00,3.7913,242,3.8502,0.1274,-0.0589,-0.4626,0,normal
2026-08-30 06:30:00,3.7714,242,3.8502,0.1274,-0.0788,-0.6182,0,normal
2026-08-30 07:30:00,3.8279,242,3.8502,0.1274,-0.0223,-0.1752,0,normal
2026-08-30 08:30:00,3.8392,242,3.8502,0.1274,-0.011,-0.0864,0,normal
2026-08-30 09:30:00,3.8059,242,3.8502,0.1274,-0.0443,-0.3475,0,normal
2026-08-30 10:30:00,3.8102,242,3.8502,0.1274,-0.04,-0.3141,0,normal
2026-08-30 11:30:00,3.8389,242,3.8502,0.1274,-0.0113,-0.0883,0,normal
2026-08-30 12:30:00,3.9137,242,3.8502,0.1274,0.0635,0.4984,0,normal
2026-08-30 13:30:00,3.9593,242,3.8502,0.1274,0.1091,0.8561,0,normal
2026-08-30 14:30:00,3.9386,242,3.8502,0.1274,0.0884,0.6939,0,normal
2026-08-30 15:30:00,3.9865,242,3.8502,0.1274,0.1363,1.0702,1,unusually warm (outside 1 sigma)
2026-08-30 16:30:00,4.0359,242,3.8502,0.1274,0.1857,1.4578,1,unusually warm (outside 1 sigma)
2026-08-30 17:30:00,3.9665,242,3.8502,0.1274,0.1163,0.9128,0,normal
2026-08-30 18:30:00,3.9103,242,3.8502,0.1274,0.0601,0.4721,0,normal
2026-08-30 19:30:00,3.9013,242,3.8502,0.1274,0.0511,0.401,0,normal
2026-08-30 20:30:00,3.8359,242,3.8502,0.1274,-0.0143,-0.1124,0,normal
2026-08-30 21:30:00,3.8417,242,3.8502,0.1274,-0.0085,-0.0671,0,normal
2026-08-30 22:30:00,3.8304,242,3.8502,0.1274,-0.0198,-0.1553,0,normal
2026-08-30 23:30:00,3.8895,242,3.8502,0.1274,0.0393,0.3084,0,normal
2026-08-31 00:30:00,3.9505,243,3.8468,0.1274,0.1037,0.8141,0,normal
2026-08-31 01:30:00,4.032,243,3.8468,0.1274,0.1852,1.454,1,unusually warm (outside 1 sigma)
2026-08-31 02:30:00,4.0686,243,3.8468,0.1274,0.2218,1.7409,1,unusually warm (outside 1 sigma)
2026-08-31 03:30:00,4.1129,243,3.8468,0.1274,0.2661,2.0885,2,extreme warm (outside 2 sigma)
2026-08-31 04:30:00,4.1118,243,3.8468,0.1274,0.265,2.0804,2,extreme warm (outside 2 sigma)
2026-08-31 05:30:00,4.0145,243,3.8468,0.1274,0.1677,1.3166,1,unusually warm (outside 1 sigma)
2026-08-31 06:30:00,4.0056,243,3.8468,0.1274,0.1588,1.2468,1,unusually warm (outside 1 sigma)
2026-08-31 07:30:00,3.8979,243,3.8468,0.1274,0.0511,0.4007,0,normal
2026-08-31 08:30:00,3.8806,243,3.8468,0.1274,0.0338,0.2653,0,normal
2026-08-31 09:30:00,3.8682,243,3.8468,0.1274,0.0214,0.1681,0,normal
2026-08-31 10:30:00,3.8933,243,3.8468,0.1274,0.0465,0.3648,0,normal
2026-08-31 11:30:00,3.8905,243,3.8468,0.1274,0.0437,0.3434,0,normal
2026-08-31 12:30:00,3.8938,243,3.8468,0.1274,0.047,0.3687,0,normal
2026-08-31 13:30:00,3.95,243,3.8468,0.1274,0.1032,0.8097,0,normal
2026-08-31 14:30:00,4.1424,243,3.8468,0.1274,0.2956,2.3205,2,extreme warm (outside 2 sigma)
2026-08-31 15:30:00,4.053,243,3.8468,0.1274,0.2062,1.6182,1,unusually warm (outside 1 sigma)
2026-08-31 16:30:00,3.9306,243,3.8468,0.1274,0.0838,0.6579,0,normal
2026-08-31 17:30:00,3.8808,243,3.8468,0.1274,0.034,0.2669,0,normal
2026-08-31 18:30:00,3.8611,243,3.8468,0.1274,0.0143,0.1125,0,normal
2026-08-31 19:30:00,3.8136,243,3.8468,0.1274,-0.0332,-0.2604,0,normal
2026-08-31 20:30:00,3.7863,243,3.8468,0.1274,-0.0605,-0.4748,0,normal
2026-08-31 21:30:00,3.8301,243,3.8468,0.1274,-0.0167,-0.1308,0,normal
2026-08-31 22:30:00,3.8415,243,3.8468,0.1274,-0.0053,-0.0416,0,normal
2026-08-31 23:30:00,3.8513,243,3.8468,0.1274,0.0045,0.0351,0,normal
2026-09-01 00:30:00,3.8932,244,3.8437,0.1278,0.0495,0.3872,0,normal
2026-09-01 01:30:00,3.957,244,3.8437,0.1278,0.1133,0.8863,0,normal
2026-09-01 02:30:00,4.0022,244,3.8437,0.1278,0.1585,1.2402,1,unusually warm (outside 1 sigma)
2026-09-01 03:30:00,4.1141,244,3.8437,0.1278,0.2704,2.116,2,extreme warm (outside 2 sigma)
2026-09-01 04:30:00,4.0731,244,3.8437,0.1278,0.2294,1.7953,1,unusually warm (outside 1 sigma)
2026-09-01 05:30:00,3.8221,244,3.8437,0.1278,-0.0216,-0.1692,0,normal
2026-09-01 06:30:00,3.8192,244,3.8437,0.1278,-0.0245,-0.1914,0,normal
2026-09-01 07:30:00,3.7814,244,3.8437,0.1278,-0.0623,-0.4873,0,normal
2026-09-01 08:30:00,3.809,244,3.8437,0.1278,-0.0347,-0.2713,0,normal
2026-09-01 09:30:00,3.8307,244,3.8437,0.1278,-0.013,-0.1016,0,normal
2026-09-01 10:30:00,3.8159,244,3.8437,0.1278,-0.0278,-0.2179,0,normal
2026-09-01 11:30:00,3.8422,244,3.8437,0.1278,-0.0015,-0.0115,0,normal
2026-09-01 12:30:00,3.8528,244,3.8437,0.1278,0.0091,0.0709,0,normal
2026-09-01 13:30:00,3.9173,244,3.8437,0.1278,0.0736,0.5757,0,normal
2026-09-01 14:30:00,3.9696,244,3.8437,0.1278,0.1259,0.9848,0,normal
2026-09-01 15:30:00,4.0118,244,3.8437,0.1278,0.1681,1.3153,1,unusually warm (outside 1 sigma)
2026-09-01 16:30:00,3.9885,244,3.8437,0.1278,0.1448,1.1327,1,unusually warm (outside 1 sigma)
2026-09-01 17:30:00,3.97,244,3.8437,0.1278,0.1263,0.9884,0,normal
2026-09-01 18:30:00,3.9317,244,3.8437,0.1278,0.088,0.6887,0,normal
2026-09-01 19:30:00,3.8595,244,3.8437,0.1278,0.0158,0.1238,0,normal
2026-09-01 20:30:00,3.8637,244,3.8437,0.1278,0.02,0.1566,0,normal
2026-09-01 21:30:00,3.8809,244,3.8437,0.1278,0.0372,0.2913,0,normal
2026-09-01 22:30:00,3.8608,244,3.8437,0.1278,0.0171,0.1337,0,normal
2026-09-01 23:30:00,3.8395,244,3.8437,0.1278,-0.0042,-0.0327,0,normal
2026-09-02 00:30:00,3.869,245,3.8408,0.1283,0.0282,0.22,0,normal
2026-09-02 01:30:00,3.9006,245,3.8408,0.1283,0.0598,0.4661,0,normal
2026-09-02 02:30:00,4.0131,245,3.8408,0.1283,0.1723,1.343,1,unusually warm (outside 1 sigma)
2026-09-02 03:30:00,4.1222,245,3.8408,0.1283,0.2814,2.1931,2,extreme warm (outside 2 sigma)
2026-09-02 04:30:00,4.109,245,3.8408,0.1283,0.2682,2.0905,2,extreme warm (outside 2 sigma)
2026-09-02 05:30:00,3.9785,245,3.8408,0.1283,0.1377,1.0735,1,unusually warm (outside 1 sigma)
2026-09-02 06:30:00,3.8615,245,3.8408,0.1283,0.0207,0.1611,0,normal
2026-09-02 07:30:00,3.7913,245,3.8408,0.1283,-0.0495,-0.3856,0,normal
2026-09-02 08:30:00,3.7936,245,3.8408,0.1283,-0.0472,-0.3681,0,normal
2026-09-02 09:30:00,3.7346,245,3.8408,0.1283,-0.1062,-0.8277,0,normal
2026-09-02 10:30:00,3.6798,245,3.8408,0.1283,-0.161,-1.2546,1,unusually cool (outside 1 sigma)
2026-09-02 11:30:00,3.7352,245,3.8408,0.1283,-0.1056,-0.8227,0,normal
2026-09-02 12:30:00,3.8146,245,3.8408,0.1283,-0.0262,-0.2039,0,normal
2026-09-02 13:30:00,3.9085,245,3.8408,0.1283,0.0677,0.5274,0,normal
2026-09-02 14:30:00,3.9432,245,3.8408,0.1283,0.1024,0.7985,0,normal
2026-09-02 15:30:00,4.0136,245,3.8408,0.1283,0.1728,1.3466,1,unusually warm (outside 1 sigma)
2026-09-02 16:30:00,4.0647,245,3.8408,0.1283,0.2239,1.7449,1,unusually warm (outside 1 sigma)
2026-09-02 17:30:00,4.0558,245,3.8408,0.1283,0.215,1.6756,1,unusually warm (outside 1 sigma)
2026-09-02 18:30:00,3.9054,245,3.8408,0.1283,0.0646,0.5032,0,normal
2026-09-02 19:30:00,3.7678,245,3.8408,0.1283,-0.073,-0.5687,0,normal
2026-09-02 20:30:00,3.7591,245,3.8408,0.1283,-0.0817,-0.6369,0,normal
2026-09-02 21:30:00,3.8359,245,3.8408,0.1283,-0.0049,-0.0382,0,normal
2026-09-02 22:30:00,3.8933,245,3.8408,0.1283,0.0525,0.4096,0,normal
2026-09-02 23:30:00,3.886,245,3.8408,0.1283,0.0452,0.3522,0,normal
2026-09-03 00:30:00,3.8759,246,3.8383,0.1284,0.0376,0.2931,0,normal
2026-09-03 01:30:00,3.9588,246,3.8383,0.1284,0.1205,0.9388,0,normal
2026-09-03 02:30:00,3.966,246,3.8383,0.1284,0.1277,0.9944,0,normal
2026-09-03 03:30:00,4.1072,246,3.8383,0.1284,0.2689,2.0942,2,extreme warm (outside 2 sigma)
2026-09-03 04:30:00,4.1246,246,3.8383,0.1284,0.2863,2.2297,2,extreme warm (outside 2 sigma)
2026-09-03 05:30:00,4.0113,246,3.8383,0.1284,0.173,1.347,1,unusually warm (outside 1 sigma)
2026-09-03 06:30:00,3.873,246,3.8383,0.1284,0.0347,0.2705,0,normal
2026-09-03 07:30:00,3.8679,246,3.8383,0.1284,0.0296,0.2304,0,normal
2026-09-03 08:30:00,3.8544,246,3.8383,0.1284,0.0161,0.125,0,normal
2026-09-03 09:30:00,3.8754,246,3.8383,0.1284,0.0371,0.2888,0,normal
2026-09-03 10:30:00,3.9291,246,3.8383,0.1284,0.0908,0.707,0,normal
2026-09-03 11:30:00,3.9128,246,3.8383,0.1284,0.0745,0.5805,0,normal
2026-09-03 12:30:00,3.9554,246,3.8383,0.1284,0.1171,0.9119,0,normal
2026-09-03 13:30:00,3.9731,246,3.8383,0.1284,0.1348,1.05,1,unusually warm (outside 1 sigma)
2026-09-03 14:30:00,4.0428,246,3.8383,0.1284,0.2045,1.5931,1,unusually warm (outside 1 sigma)
2026-09-03 15:30:00,4.0613,246,3.8383,0.1284,0.223,1.7367,1,unusually warm (outside 1 sigma)
2026-09-03 16:30:00,4.0678,246,3.8383,0.1284,0.2295,1.7875,1,unusually warm (outside 1 sigma)
2026-09-03 17:30:00,4.0807,246,3.8383,0.1284,0.2424,1.8875,1,unusually warm (outside 1 sigma)
2026-09-03 18:30:00,4.0194,246,3.8383,0.1284,0.1811,1.4106,1,unusually warm (outside 1 sigma)
2026-09-03 19:30:00,3.9775,246,3.8383,0.1284,0.1392,1.0843,1,unusually warm (outside 1 sigma)
2026-09-03 20:30:00,4.0032,246,3.8383,0.1284,0.1649,1.2844,1,unusually warm (outside 1 sigma)
2026-09-03 21:30:00,4.0044,246,3.8383,0.1284,0.1661,1.2934,1,unusually warm (outside 1 sigma)
2026-09-03 22:30:00,4.0021,246,3.8383,0.1284,0.1638,1.2755,1,unusually warm (outside 1 sigma)
2026-09-03 23:30:00,3.9696,246,3.8383,0.1284,0.1313,1.0224,1,unusually warm (outside 1 sigma)
2026-09-04 00:30:00,4.0253,247,3.8357,0.1281,0.1896,1.4803,1,unusually warm (outside 1 sigma)
2026-09-04 01:30:00,4.1156,247,3.8357,0.1281,0.2799,2.1851,2,extreme warm (outside 2 sigma)
2026-09-04 02:30:00,4.2365,247,3.8357,0.1281,0.4008,3.1291,2,extreme warm (outside 2 sigma)
2026-09-04 03:30:00,4.2872,247,3.8357,0.1281,0.4515,3.5243,2,extreme warm (outside 2 sigma)
2026-09-04 04:30:00,4.2452,247,3.8357,0.1281,0.4095,3.1965,2,extreme warm (outside 2 sigma)
2026-09-04 05:30:00,4.2369,247,3.8357,0.1281,0.4012,3.132,2,extreme warm (outside 2 sigma)
2026-09-04 06:30:00,4.0615,247,3.8357,0.1281,0.2258,1.7624,1,unusually warm (outside 1 sigma)
2026-09-04 07:30:00,3.9112,247,3.8357,0.1281,0.0755,0.5897,0,normal
2026-09-04 08:30:00,3.8376,247,3.8357,0.1281,0.0019,0.015,0,normal
2026-09-04 09:30:00,3.8876,247,3.8357,0.1281,0.0519,0.4054,0,normal
2026-09-04 10:30:00,3.9798,247,3.8357,0.1281,0.1441,1.1249,1,unusually warm (outside 1 sigma)
2026-09-04 11:30:00,3.9746,247,3.8357,0.1281,0.1389,1.0842,1,unusually warm (outside 1 sigma)
2026-09-04 12:30:00,3.9594,247,3.8357,0.1281,0.1237,0.9657,0,normal
2026-09-04 13:30:00,3.9779,247,3.8357,0.1281,0.1422,1.11,1,unusually warm (outside 1 sigma)
2026-09-04 14:30:00,4.0933,247,3.8357,0.1281,0.2576,2.0107,2,extreme warm (outside 2 sigma)
2026-09-04 15:30:00,4.0178,247,3.8357,0.1281,0.1821,1.4214,1,unusually warm (outside 1 sigma)
2026-09-04 16:30:00,4.0061,247,3.8357,0.1281,0.1704,1.3299,1,unusually warm (outside 1 sigma)
2026-09-04 17:30:00,3.967,247,3.8357,0.1281,0.1313,1.0254,1,unusually warm (outside 1 sigma)
2026-09-04 18:30:00,4.0373,247,3.8357,0.1281,0.2016,1.5737,1,unusually warm (outside 1 sigma)
2026-09-04 19:30:00,3.867,247,3.8357,0.1281,0.0313,0.244,0,normal
2026-09-04 20:30:00,3.8158,247,3.8357,0.1281,-0.0199,-0.1553,0,normal
2026-09-04 21:30:00,3.8227,247,3.8357,0.1281,-0.013,-0.1016,0,normal
2026-09-04 22:30:00,3.8798,247,3.8357,0.1281,0.0441,0.3445,0,normal
2026-09-04 23:30:00,3.8482,247,3.8357,0.1281,0.0125,0.0973,0,normal
2026-09-05 00:30:00,3.8435,248,3.8332,0.1273,0.0103,0.0807,0,normal
2026-09-05 01:30:00,3.8701,248,3.8332,0.1273,0.0369,0.2899,0,normal
2026-09-05 02:30:00,3.9249,248,3.8332,0.1273,0.0917,0.7207,0,normal
2026-09-05 03:30:00,4.0897,248,3.8332,0.1273,0.2565,2.0149,2,extreme warm (outside 2 sigma)
2026-09-05 04:30:00,4.1348,248,3.8332,0.1273,0.3016,2.3689,2,extreme warm (outside 2 sigma)
2026-09-05 05:30:00,4.1606,248,3.8332,0.1273,0.3274,2.5715,2,extreme warm (outside 2 sigma)
2026-09-05 06:30:00,3.9846,248,3.8332,0.1273,0.1514,1.189,1,unusually warm (outside 1 sigma)
2026-09-05 07:30:00,4.0152,248,3.8332,0.1273,0.182,1.4298,1,unusually warm (outside 1 sigma)
2026-09-05 08:30:00,3.91,248,3.8332,0.1273,0.0768,0.603,0,normal
2026-09-05 09:30:00,3.8895,248,3.8332,0.1273,0.0563,0.4424,0,normal
2026-09-05 10:30:00,3.8808,248,3.8332,0.1273,0.0476,0.3739,0,normal
2026-09-05 11:30:00,3.871,248,3.8332,0.1273,0.0378,0.2972,0,normal
2026-09-05 12:30:00,3.883,248,3.8332,0.1273,0.0498,0.391,0,normal
2026-09-05 13:30:00,3.8312,248,3.8332,0.1273,-0.002,-0.0155,0,normal
2026-09-05 14:30:00,3.8815,248,3.8332,0.1273,0.0483,0.3792,0,normal
2026-09-05 15:30:00,3.9025,248,3.8332,0.1273,0.0693,0.5443,0,normal
2026-09-05 16:30:00,3.9324,248,3.8332,0.1273,0.0992,0.7793,0,normal
2026-09-05 17:30:00,3.9439,248,3.8332,0.1273,0.1107,0.8693,0,normal
2026-09-05 18:30:00,3.9471,248,3.8332,0.1273,0.1139,0.895,0,normal
2026-09-05 19:30:00,3.9547,248,3.8332,0.1273,0.1215,0.9548,0,normal
2026-09-05 20:30:00,3.9684,248,3.8332,0.1273,0.1352,1.062,1,unusually warm (outside 1 sigma)
2026-09-05 21:30:00,3.9822,248,3.8332,0.1273,0.149,1.1706,1,unusually warm (outside 1 sigma)
2026-09-05 22:30:00,3.9809,248,3.8332,0.1273,0.1477,1.1599,1,unusually warm (outside 1 sigma)
2026-09-05 23:30:00,3.8364,248,3.8332,0.1273,0.0032,0.0251,0,normal
2026-09-06 00:30:00,3.8424,249,3.8304,0.1263,0.012,0.0949,0,normal
2026-09-06 01:30:00,3.882,249,3.8304,0.1263,0.0516,0.4087,0,normal
2026-09-06 02:30:00,3.9284,249,3.8304,0.1263,0.098,0.7759,0,normal
2026-09-06 03:30:00,3.9785,249,3.8304,0.1263,0.1481,1.1726,1,unusually warm (outside 1 sigma)
2026-09-06 04:30:00,4.0045,249,3.8304,0.1263,0.1741,1.3786,1,unusually warm (outside 1 sigma)
2026-09-06 05:30:00,4.111,249,3.8304,0.1263,0.2806,2.2218,2,extreme warm (outside 2 sigma)
2026-09-06 06:30:00,4.1254,249,3.8304,0.1263,0.295,2.3356,2,extreme warm (outside 2 sigma)
2026-09-06 07:30:00,4.0901,249,3.8304,0.1263,0.2597,2.0559,2,extreme warm (outside 2 sigma)
2026-09-06 08:30:00,4.022,249,3.8304,0.1263,0.1916,1.5167,1,unusually warm (outside 1 sigma)
2026-09-06 09:30:00,3.9323,249,3.8304,0.1263,0.1019,0.8065,0,normal
2026-09-06 10:30:00,3.9225,249,3.8304,0.1263,0.0921,0.7292,0,normal
2026-09-06 11:30:00,3.9675,249,3.8304,0.1263,0.1371,1.0857,1,unusually warm (outside 1 sigma)
2026-09-06 12:30:00,3.9824,249,3.8304,0.1263,0.152,1.2031,1,unusually warm (outside 1 sigma)
2026-09-06 13:30:00,3.9675,249,3.8304,0.1263,0.1371,1.0852,1,unusually warm (outside 1 sigma)
2026-09-06 14:30:00,3.9427,249,3.8304,0.1263,0.1123,0.8894,0,normal
2026-09-06 15:30:00,3.991,249,3.8304,0.1263,0.1606,1.2718,1,unusually warm (outside 1 sigma)
2026-09-06 16:30:00,4.0479,249,3.8304,0.1263,0.2175,1.7225,1,unusually warm (outside 1 sigma)
2026-09-06 17:30:00,4.0622,249,3.8304,0.1263,0.2318,1.8352,1,unusually warm (outside 1 sigma)
2026-09-06 18:30:00,4.0943,249,3.8304,0.1263,0.2639,2.0895,2,extreme warm (outside 2 sigma)
2026-09-06 19:30:00,4.1216,249,3.8304,0.1263,0.2912,2.3059,2,extreme warm (outside 2 sigma)
2026-09-06 20:30:00,4.0769,249,3.8304,0.1263,0.2465,1.9516,1,unusually warm (outside 1 sigma)
2026-09-06 21:30:00,3.9593,249,3.8304,0.1263,0.1289,1.0208,1,unusually warm (outside 1 sigma)
2026-09-06 22:30:00,3.9373,249,3.8304,0.1263,0.1069,0.846,0,normal
2026-09-06 23:30:00,3.9409,249,3.8304,0.1263,0.1105,0.8748,0,normal
2026-09-07 00:30:00,3.9139,250,3.8272,0.125,0.0867,0.6939,0,normal
2026-09-07 01:30:00,3.8207,250,3.8272,0.125,-0.0065,-0.0517,0,normal
2026-09-07 02:30:00,3.8739,250,3.8272,0.125,0.0467,0.3733,0,normal
2026-09-07 03:30:00,3.9063,250,3.8272,0.125,0.0791,0.6324,0,normal
2026-09-07 04:30:00,3.901,250,3.8272,0.125,0.0738,0.5905,0,normal
2026-09-07 05:30:00,3.9694,250,3.8272,0.125,0.1422,1.1374,1,unusually warm (outside 1 sigma)
2026-09-07 06:30:00,4.155,250,3.8272,0.125,0.3278,2.622,2,extreme warm (outside 2 sigma)
2026-09-07 07:30:00,4.1576,250,3.8272,0.125,0.3304,2.6433,2,extreme warm (outside 2 sigma)
2026-09-07 08:30:00,4.0434,250,3.8272,0.125,0.2162,1.7292,1,unusually warm (outside 1 sigma)
2026-09-07 09:30:00,4.1359,250,3.8272,0.125,0.3087,2.4698,2,extreme warm (outside 2 sigma)
2026-09-07 10:30:00,3.983,250,3.8272,0.125,0.1558,1.2467,1,unusually warm (outside 1 sigma)
2026-09-07 11:30:00,3.9048,250,3.8272,0.125,0.0776,0.6212,0,normal
2026-09-07 12:30:00,3.8855,250,3.8272,0.125,0.0583,0.4663,0,normal
2026-09-07 13:30:00,3.8041,250,3.8272,0.125,-0.0231,-0.1847,0,normal
2026-09-07 14:30:00,3.7925,250,3.8272,0.125,-0.0347,-0.2777,0,normal
2026-09-07 15:30:00,3.773,250,3.8272,0.125,-0.0542,-0.4337,0,normal
2026-09-07 16:30:00,3.8367,250,3.8272,0.125,0.0095,0.0758,0,normal
2026-09-07 17:30:00,3.8659,250,3.8272,0.125,0.0387,0.3099,0,normal
2026-09-07 18:30:00,3.8485,250,3.8272,0.125,0.0213,0.1702,0,normal
2026-09-07 19:30:00,3.8861,250,3.8272,0.125,0.0589,0.4714,0,normal
2026-09-07 20:30:00,3.9293,250,3.8272,0.125,0.1021,0.8169,0,normal
2026-09-07 21:30:00,3.9778,250,3.8272,0.125,0.1506,1.2049,1,unusually warm (outside 1 sigma)
2026-09-07 22:30:00,3.9943,250,3.8272,0.125,0.1671,1.3369,1,unusually warm (outside 1 sigma)
2026-09-07 23:30:00,3.9822,250,3.8272,0.125,0.155,1.2403,1,unusually warm (outside 1 sigma)
2026-09-08 00:30:00,3.882,251,3.8238,0.124,0.0582,0.4691,0,normal
2026-09-08 01:30:00,3.9237,251,3.8238,0.124,0.0999,0.8058,0,normal
2026-09-08 02:30:00,3.9668,251,3.8238,0.124,0.143,1.153,1,unusually warm (outside 1 sigma)
2026-09-08 03:30:00,3.9097,251,3.8238,0.124,0.0859,0.693,0,normal
2026-09-08 04:30:00,3.9703,251,3.8238,0.124,0.1465,1.1818,1,unusually warm (outside 1 sigma)
2026-09-08 05:30:00,3.9991,251,3.8238,0.124,0.1753,1.4134,1,unusually warm (outside 1 sigma)
2026-09-08 06:30:00,4.0315,251,3.8238,0.124,0.2077,1.6753,1,unusually warm (outside 1 sigma)
2026-09-08 07:30:00,4.0907,251,3.8238,0.124,0.2669,2.1521,2,extreme warm (outside 2 sigma)
2026-09-08 08:30:00,4.1082,251,3.8238,0.124,0.2844,2.2933,2,extreme warm (outside 2 sigma)
2026-09-08 09:30:00,4.1521,251,3.8238,0.124,0.3283,2.6472,2,extreme warm (outside 2 sigma)
2026-09-08 10:30:00,4.1604,251,3.8238,0.124,0.3366,2.7147,2,extreme warm (outside 2 sigma)
2026-09-08 11:30:00,4.124,251,3.8238,0.124,0.3002,2.4206,2,extreme warm (outside 2 sigma)
2026-09-08 12:30:00,4.0801,251,3.8238,0.124,0.2563,2.0666,2,extreme warm (outside 2 sigma)
2026-09-08 13:30:00,4.0056,251,3.8238,0.124,0.1818,1.4659,1,unusually warm (outside 1 sigma)
2026-09-08 14:30:00,3.9687,251,3.8238,0.124,0.1449,1.1682,1,unusually warm (outside 1 sigma)
2026-09-08 15:30:00,3.9538,251,3.8238,0.124,0.13,1.0487,1,unusually warm (outside 1 sigma)
2026-09-08 16:30:00,3.9781,251,3.8238,0.124,0.1543,1.2442,1,unusually warm (outside 1 sigma)
2026-09-08 17:30:00,3.9385,251,3.8238,0.124,0.1147,0.9246,0,normal
2026-09-08 18:30:00,3.8981,251,3.8238,0.124,0.0743,0.5989,0,normal
2026-09-08 19:30:00,3.9062,251,3.8238,0.124,0.0824,0.6647,0,normal
2026-09-08 20:30:00,3.9518,251,3.8238,0.124,0.128,1.0325,1,unusually warm (outside 1 sigma)
2026-09-08 21:30:00,3.9482,251,3.8238,0.124,0.1244,1.0033,1,unusually warm (outside 1 sigma)
2026-09-08 22:30:00,3.9218,251,3.8238,0.124,0.098,0.79,0,normal
2026-09-08 23:30:00,3.9627,251,3.8238,0.124,0.1389,1.1202,1,unusually warm (outside 1 sigma)
2026-09-09 00:30:00,3.9774,252,3.8208,0.1233,0.1566,1.2697,1,unusually warm (outside 1 sigma)
2026-09-09 01:30:00,3.9644,252,3.8208,0.1233,0.1436,1.1644,1,unusually warm (outside 1 sigma)
2026-09-09 02:30:00,4.0069,252,3.8208,0.1233,0.1861,1.5092,1,unusually warm (outside 1 sigma)
2026-09-09 03:30:00,3.9938,252,3.8208,0.1233,0.173,1.4029,1,unusually warm (outside 1 sigma)
2026-09-09 04:30:00,4.0997,252,3.8208,0.1233,0.2789,2.2622,2,extreme warm (outside 2 sigma)
2026-09-09 05:30:00,4.1402,252,3.8208,0.1233,0.3194,2.5908,2,extreme warm (outside 2 sigma)
2026-09-09 06:30:00,4.175,252,3.8208,0.1233,0.3542,2.8726,2,extreme warm (outside 2 sigma)
2026-09-09 07:30:00,4.1866,252,3.8208,0.1233,0.3658,2.9666,2,extreme warm (outside 2 sigma)
2026-09-09 08:30:00,4.1607,252,3.8208,0.1233,0.3399,2.7567,2,extreme warm (outside 2 sigma)
2026-09-09 09:30:00,4.0836,252,3.8208,0.1233,0.2628,2.1315,2,extreme warm (outside 2 sigma)
2026-09-09 10:30:00,4.0911,252,3.8208,0.1233,0.2703,2.1921,2,extreme warm (outside 2 sigma)
2026-09-09 11:30:00,4.0841,252,3.8208,0.1233,0.2633,2.1355,2,extreme warm (outside 2 sigma)
2026-09-09 12:30:00,4.0167,252,3.8208,0.1233,0.1959,1.5891,1,unusually warm (outside 1 sigma)
2026-09-09 13:30:00,3.9691,252,3.8208,0.1233,0.1483,1.2024,1,unusually warm (outside 1 sigma)
2026-09-09 14:30:00,3.9749,252,3.8208,0.1233,0.1541,1.25,1,unusually warm (outside 1 sigma)
2026-09-09 15:30:00,3.915,252,3.8208,0.1233,0.0942,0.7644,0,normal
2026-09-09 16:30:00,3.8835,252,3.8208,0.1233,0.0627,0.5089,0,normal
