yearday,mean,sd,n,n_years,p05,p10,p25,p50,p75,p90,p95,lo1,hi1,lo2,hi2
1,9.0336,0.9652,9746,35,7.5,7.9,8.4,8.9,9.5,10.4,10.8,8.0684,9.9989,7.1032,10.9641
2,9.0163,0.9627,9677,35,7.5,7.8,8.4,8.9,9.5,10.4,10.8,8.0536,9.979,7.091,10.9417
3,9.0013,0.9594,9625,35,7.5,7.8,8.4,8.9,9.5,10.4,10.8,8.0419,9.9607,7.0825,10.9202
4,8.9872,0.9581,9642,35,7.6,7.8,8.3,8.9,9.5,10.3,10.8,8.0291,9.9453,7.071,10.9034
5,8.9762,0.956,9643,35,7.6,7.8,8.3,8.9,9.5,10.2,10.8,8.0203,9.9322,7.0643,10.8882
6,8.9651,0.9543,9641,35,7.6,7.8,8.3,8.8,9.5,10.2,10.7,8.0107,9.9194,7.0564,10.8737
7,8.9549,0.9556,9670,35,7.6,7.8,8.3,8.9,9.5,10.1,10.7,7.9994,9.9105,7.0438,10.866
8,8.9437,0.9581,9709,32,7.6,7.8,8.3,8.9,9.5,10.1,10.7,7.9856,9.9018,7.0274,10.86
9,8.9328,0.9601,9740,32,7.6,7.8,8.2,8.8,9.5,10.1,10.7,7.9728,9.8929,7.0127,10.853
10,8.9215,0.9634,9734,32,7.5,7.8,8.2,8.8,9.5,10.1,10.7,7.958,9.8849,6.9946,10.8483
11,8.9097,0.9654,9764,32,7.5,7.8,8.2,8.8,9.5,10.1,10.7,7.9443,9.8751,6.9789,10.8405
12,8.8987,0.9654,9808,32,7.5,7.8,8.2,8.8,9.5,10.1,10.7,7.9333,9.864,6.9679,10.8294
13,8.8906,0.9641,9776,32,7.5,7.7,8.1,8.8,9.5,10.1,10.6,7.9265,9.8547,6.9624,10.8187
14,8.8822,0.9648,9770,32,7.5,7.7,8.1,8.8,9.5,10.1,10.6,7.9175,9.847,6.9527,10.8118
15,8.8741,0.9658,9804,32,7.6,7.7,8.1,8.8,9.5,10.1,10.5,7.9083,9.8399,6.9426,10.8056
16,8.8662,0.9711,9865,32,7.5,7.7,8.1,8.8,9.5,10.1,10.5,7.8951,9.8373,6.924,10.8084
17,8.8581,0.9819,9928,32,7.5,7.7,8.1,8.8,9.5,10.1,10.5,7.8762,9.84,6.8943,10.8219
18,8.8504,0.998,10024,32,7.5,7.7,8.1,8.8,9.5,10.1,10.6,7.8524,9.8484,6.8543,10.8464
19,8.8441,1.0146,10076,32,7.4,7.7,8.1,8.8,9.5,10.1,10.6,7.8295,9.8587,6.8149,10.8733
20,8.8396,1.0323,10084,32,7.4,7.7,8.1,8.8,9.5,10.1,10.7,7.8072,9.8719,6.7749,10.9042
21,8.8396,1.0499,10104,32,7.3,7.7,8.1,8.8,9.5,10.1,10.7,7.7896,9.8895,6.7397,10.9395
22,8.8419,1.065,10115,32,7.2,7.7,8.1,8.8,9.5,10.1,10.7,7.7769,9.9069,6.7118,10.972
23,8.8462,1.0803,10089,32,7.2,7.7,8.1,8.8,9.5,10.2,10.7,7.7659,9.9265,6.6856,11.0068
24,8.8494,1.0949,10052,32,7.2,7.6,8.1,8.8,9.5,10.2,10.8,7.7545,9.9442,6.6596,11.0391
25,8.8517,1.1086,10041,32,7.1,7.6,8.1,8.8,9.5,10.2,10.8,7.7431,9.9603,6.6345,11.0689
26,8.8531,1.1221,10005,32,7.1,7.6,8.1,8.8,9.5,10.2,10.8,7.7311,9.9752,6.609,11.0973
27,8.854,1.1357,9979,32,7.0,7.6,8.1,8.8,9.5,10.2,10.9,7.7183,9.9897,6.5825,11.1255
28,8.8511,1.1514,9918,32,7.0,7.6,8.1,8.8,9.5,10.2,10.9,7.6997,10.0025,6.5483,11.154
29,8.8475,1.1689,9820,32,7.0,7.6,8.1,8.7,9.5,10.2,11.0,7.6785,10.0164,6.5096,11.1853
30,8.8406,1.185,9732,33,6.9,7.6,8.1,8.7,9.5,10.2,11.0,7.6556,10.0256,6.4706,11.2105
31,8.8306,1.1971,9662,33,6.9,7.5,8.0,8.7,9.5,10.2,11.0,7.6335,10.0277,6.4364,11.2248
32,8.8199,1.2065,9575,33,6.9,7.5,8.0,8.7,9.5,10.2,11.0,7.6134,10.0264,6.4069,11.233
33,8.8099,1.21,9490,33,6.9,7.5,8.0,8.7,9.5,10.2,11.0,7.5999,10.0199,6.3898,11.2299
34,8.8012,1.2109,9422,32,6.8,7.5,8.0,8.7,9.5,10.2,11.0,7.5902,10.0121,6.3793,11.223
35,8.7929,1.2124,9382,31,6.9,7.5,8.0,8.7,9.5,10.2,11.1,7.5805,10.0053,6.368,11.2177
36,8.7819,1.2159,9357,31,6.9,7.5,8.0,8.7,9.5,10.2,11.2,7.566,9.9978,6.3501,11.2137
37,8.767,1.2195,9330,31,6.8,7.5,8.0,8.6,9.4,10.2,11.2,7.5475,9.9866,6.328,11.2061
38,8.75,1.2227,9314,31,6.8,7.5,8.0,8.6,9.4,10.3,11.2,7.5273,9.9727,6.3046,11.1953
39,8.7325,1.2266,9316,31,6.8,7.4,8.0,8.6,9.4,10.2,11.2,7.5059,9.9591,6.2794,11.1856
40,8.715,1.2292,9307,30,6.8,7.4,8.0,8.5,9.3,10.2,11.2,7.4858,9.9442,6.2566,11.1733
41,8.698,1.23,9321,30,6.8,7.4,8.0,8.5,9.3,10.3,11.2,7.468,9.928,6.238,11.158
42,8.6826,1.2292,9315,30,6.7,7.4,8.0,8.5,9.3,10.3,11.2,7.4533,9.9118,6.2241,11.141
43,8.6699,1.225,9363,29,6.7,7.4,7.9,8.5,9.3,10.3,11.2,7.4449,9.8949,6.2198,11.1199
44,8.6584,1.2151,9432,29,6.7,7.4,7.9,8.5,9.2,10.3,11.2,7.4433,9.8735,6.2282,11.0886
45,8.6512,1.2034,9493,29,6.7,7.4,7.9,8.5,9.2,10.3,11.2,7.4477,9.8546,6.2443,11.0581
46,8.6464,1.1908,9498,29,6.8,7.4,7.9,8.5,9.2,10.3,11.1,7.4557,9.8372,6.2649,11.028
47,8.6453,1.1786,9531,29,6.8,7.4,7.9,8.4,9.2,10.3,11.1,7.4667,9.8239,6.288,11.0025
48,8.6447,1.1687,9573,29,6.8,7.5,7.9,8.4,9.2,10.3,11.1,7.476,9.8134,6.3073,10.9821
49,8.6434,1.1607,9553,29,6.8,7.5,7.9,8.4,9.2,10.3,11.1,7.4827,9.804,6.322,10.9647
50,8.6413,1.1524,9546,30,6.8,7.5,7.9,8.4,9.2,10.25,11.0,7.4888,9.7937,6.3364,10.9461
51,8.6402,1.1434,9580,30,6.9,7.5,7.9,8.4,9.2,10.2,10.905,7.4968,9.7836,6.3533,10.9271
52,8.6396,1.1344,9734,30,6.9,7.4,7.9,8.4,9.3,10.2,10.9,7.5052,9.7739,6.3708,10.9083
53,8.6379,1.1241,9778,30,6.9,7.4,7.9,8.4,9.3,10.2,10.8,7.5138,9.762,6.3897,10.8861
54,8.6353,1.1129,9806,30,7.0,7.4,7.9,8.4,9.3,10.2,10.7,7.5224,9.7482,6.4095,10.8611
55,8.6303,1.1011,9842,30,7.0,7.4,7.9,8.4,9.3,10.2,10.6,7.5292,9.7315,6.4281,10.8326
56,8.6241,1.0898,9862,30,7.1,7.5,7.9,8.4,9.3,10.2,10.5,7.5343,9.7138,6.4445,10.8036
57,8.6162,1.0787,9900,30,7.1,7.5,7.9,8.4,9.3,10.2,10.4,7.5375,9.6949,6.4587,10.7737
58,8.6085,1.0707,9932,30,7.1,7.4,7.9,8.4,9.2,10.2,10.4,7.5378,9.6792,6.4671,10.7499
59,8.6026,1.0657,9956,30,7.1,7.4,7.9,8.4,9.2,10.1,10.4,7.5369,9.6683,6.4712,10.734
60,8.5973,1.0631,9925,30,7.2,7.4,7.9,8.4,9.2,10.1,10.4,7.5343,9.6604,6.4712,10.7234
61,8.5939,1.0637,9945,30,7.1,7.4,7.9,8.4,9.2,10.1,10.4,7.5302,9.6577,6.4665,10.7214
62,8.5918,1.0669,9954,30,7.1,7.4,7.9,8.4,9.2,10.1,10.4,7.5249,9.6587,6.458,10.7256
63,8.5921,1.0709,9930,30,7.1,7.4,7.9,8.4,9.2,10.2,10.4,7.5213,9.663,6.4504,10.7339
64,8.5956,1.0759,9924,30,7.1,7.4,7.9,8.3,9.2,10.2,10.4,7.5198,9.6715,6.4439,10.7474
65,8.602,1.0816,9911,30,7.1,7.4,7.9,8.3,9.2,10.2,10.5,7.5204,9.6836,6.4388,10.7652
66,8.6102,1.0855,9898,30,7.2,7.4,7.9,8.3,9.2,10.23,10.5,7.5246,9.6957,6.4391,10.7812
67,8.6196,1.0879,9757,30,7.2,7.4,7.9,8.3,9.2,10.3,10.6,7.5317,9.7074,6.4439,10.7953
68,8.6317,1.0901,9723,30,7.2,7.4,7.9,8.4,9.2,10.3,10.6,7.5416,9.7218,6.4514,10.812
69,8.6461,1.092,9685,30,7.2,7.4,7.9,8.4,9.3,10.3,10.6,7.5541,9.7381,6.4622,10.83
70,8.6649,1.094,9682,30,7.2,7.4,8.0,8.4,9.3,10.3,10.6,7.571,9.7589,6.477,10.8529
71,8.6862,1.0957,9672,30,7.2,7.4,8.0,8.4,9.3,10.3,10.7,7.5905,9.7819,6.4948,10.8777
72,8.7098,1.0973,9633,30,7.2,7.5,8.0,8.4,9.3,10.3,10.7,7.6126,9.8071,6.5153,10.9044
73,8.733,1.0957,9618,30,7.3,7.5,8.0,8.5,9.4,10.3,10.7,7.6374,9.8287,6.5417,10.9244
74,8.7542,1.0908,9595,30,7.3,7.5,8.0,8.5,9.4,10.4,10.7,7.6634,9.8449,6.5726,10.9357
75,8.7739,1.084,9635,30,7.3,7.6,8.0,8.5,9.4,10.4,10.8,7.6899,9.8579,6.6059,10.9419
76,8.7939,1.0755,9666,30,7.3,7.6,8.1,8.6,9.4,10.4,10.8,7.7184,9.8695,6.6428,10.945
77,8.8135,1.0643,9700,31,7.395,7.6,8.1,8.6,9.4,10.4,10.8,7.7492,9.8778,6.685,10.942
78,8.8328,1.0532,9758,31,7.4,7.7,8.1,8.6,9.4,10.4,10.8,7.7796,9.886,6.7264,10.9392
79,8.8525,1.0425,9811,31,7.4,7.7,8.1,8.6,9.5,10.3,10.8,7.81,9.895,6.7675,10.9375
80,8.8721,1.0324,9863,31,7.5,7.7,8.2,8.7,9.5,10.3,10.8,7.8397,9.9045,6.8073,10.9369
81,8.8929,1.0259,9852,31,7.5,7.8,8.2,8.7,9.5,10.3,10.7,7.867,9.9188,6.8412,10.9447
82,8.9171,1.0228,9857,31,7.5,7.8,8.2,8.7,9.5,10.3,10.7,7.8943,9.9399,6.8715,10.9627
83,8.9443,1.0221,9875,31,7.5,7.8,8.3,8.8,9.5,10.3,10.8,7.9222,9.9664,6.9,10.9886
84,8.9731,1.0232,9926,31,7.5,7.8,8.3,8.8,9.5,10.4,10.8,7.9499,9.9964,6.9266,11.0196
85,9.0024,1.0242,9933,31,7.5,7.9,8.3,8.8,9.6,10.5,10.8,7.9781,10.0266,6.9539,11.0508
86,9.0307,1.0243,9910,31,7.6,7.9,8.4,8.8,9.6,10.5,10.9,8.0063,10.055,6.982,11.0793
87,9.0569,1.0233,9940,31,7.6,7.99,8.4,8.9,9.6,10.5,10.9,8.0336,10.0803,7.0103,11.1036
88,9.0838,1.0214,9934,31,7.7,8.0,8.4,8.9,9.6,10.5,10.9,8.0624,10.1052,7.041,11.1266
89,9.1137,1.0214,9966,31,7.8,8.0,8.4,8.9,9.6,10.6,10.9,8.0923,10.1351,7.0709,11.1564
90,9.1456,1.0224,9987,31,7.8,8.1,8.5,9.0,9.7,10.6,10.9,8.1232,10.1681,7.1008,11.1905
91,9.1805,1.0254,9971,31,7.9,8.1,8.5,9.0,9.7,10.6,10.9,8.1551,10.206,7.1297,11.2314
92,9.2192,1.0314,9977,31,7.9,8.1,8.5,9.0,9.8,10.6,10.9,8.1878,10.2506,7.1564,11.282
93,9.2587,1.0395,9964,31,7.9,8.2,8.5,9.1,9.8,10.7,10.9,8.2191,10.2982,7.1796,11.3377
94,9.2967,1.047,9957,31,8.0,8.2,8.6,9.1,9.8,10.7,11.0,8.2496,10.3437,7.2026,11.3907
95,9.3335,1.0527,9958,31,8.0,8.3,8.6,9.2,9.9,10.7,11.0,8.2808,10.3862,7.2281,11.4389
96,9.3685,1.0545,9946,31,8.0,8.3,8.6,9.2,9.9,10.7,11.0,8.314,10.4229,7.2595,11.4774
97,9.4031,1.0544,9896,31,8.1,8.3,8.6,9.3,10.0,10.7,11.0,8.3487,10.4575,7.2943,11.5119
98,9.4383,1.0513,9841,31,8.1,8.4,8.6,9.3,10.0,10.7,11.0,8.3869,10.4896,7.3356,11.541
99,9.4768,1.0469,9776,31,8.2,8.4,8.7,9.4,10.1,10.7,11.1,8.4299,10.5236,7.3831,11.5705
100,9.5199,1.0436,9713,31,8.3,8.4,8.7,9.4,10.1,10.8,11.1,8.4763,10.5635,7.4327,11.6071
101,9.5684,1.0434,9656,31,8.3,8.4,8.7,9.5,10.2,10.8,11.1,8.525,10.6118,7.4816,11.6551
102,9.622,1.0436,9589,31,8.3,8.4,8.8,9.6,10.2,10.8,11.1,8.5784,10.6656,7.5348,11.7093
103,9.6779,1.0446,9565,31,8.3,8.5,8.9,9.6,10.3,10.8,11.2,8.6332,10.7225,7.5886,11.7672
104,9.7339,1.0458,9524,31,8.35,8.5,8.9,9.7,10.4,10.9,11.3,8.688,10.7797,7.6422,11.8256
105,9.7915,1.0475,9468,31,8.4,8.5,9.0,9.7,10.4,10.9,11.4,8.744,10.839,7.6966,11.8864
106,9.8492,1.0467,9439,31,8.4,8.6,9.1,9.8,10.5,11.0,11.4,8.8025,10.8959,7.7558,11.9426
107,9.9038,1.044,9443,31,8.4,8.6,9.2,9.9,10.5,11.0,11.5,8.8598,10.9478,7.8158,11.9919
108,9.9602,1.0414,9409,31,8.4,8.7,9.3,9.9,10.5,11.0,11.6,8.9188,11.0016,7.8774,12.043
109,10.0207,1.0399,9354,31,8.5,8.7,9.4,10.0,10.6,11.1,11.6,8.9808,11.0606,7.9409,12.1004
110,10.0833,1.0397,9273,31,8.5,8.8,9.4,10.0,10.6,11.2,11.7,9.0436,11.123,8.0039,12.1627
111,10.1493,1.0443,9212,30,8.6,8.9,9.5,10.1,10.7,11.3,11.8,9.1051,11.1936,8.0608,12.2378
112,10.2178,1.0551,9225,30,8.6,9.0,9.6,10.1,10.8,11.4,11.9,9.1626,11.2729,8.1075,12.328
113,10.2877,1.0721,9265,30,8.6,9.0,9.6,10.2,10.9,11.5,12.0,9.2156,11.3598,8.1435,12.4319
114,10.3558,1.0929,9310,30,8.7,9.1,9.7,10.2,10.9,11.6,12.1,9.2629,11.4487,8.17,12.5415
115,10.4212,1.1162,9387,31,8.8,9.2,9.7,10.3,11.0,11.7,12.2,9.305,11.5374,8.1889,12.6536
116,10.4821,1.1378,9515,32,8.9,9.2,9.8,10.3,11.1,11.8,12.4,9.3444,11.6199,8.2066,12.7577
117,10.5409,1.1585,9614,32,8.9,9.3,9.8,10.3,11.2,11.9,12.4,9.3824,11.6993,8.2239,12.8578
118,10.5979,1.1771,9694,32,8.9,9.3,9.9,10.4,11.3,12.0,12.4,9.4208,11.775,8.2437,12.9521
119,10.6537,1.1962,9747,32,9.0,9.3,9.9,10.4,11.4,12.0,12.5,9.4574,11.8499,8.2612,13.0461
120,10.7106,1.2173,9800,32,9.0,9.4,9.9,10.5,11.5,12.1,12.5,9.4933,11.9279,8.276,13.1453
121,10.7699,1.2417,9824,32,9.0,9.4,10.0,10.6,11.5,12.2,12.6,9.5282,12.0117,8.2864,13.2534
122,10.8309,1.2667,9787,32,9.1,9.4,10.0,10.6,11.6,12.3,12.6,9.5642,12.0975,8.2975,13.3642
123,10.8914,1.2921,9783,32,9.1,9.5,10.0,10.7,11.6,12.3,12.7,9.5993,12.1835,8.3072,13.4756
124,10.9522,1.3152,9775,32,9.1,9.5,10.0,10.8,11.7,12.4,12.8,9.6369,12.2674,8.3217,13.5826
125,11.0121,1.3324,9787,32,9.165,9.5,10.1,10.9,11.8,12.4,12.8,9.6797,12.3445,8.3472,13.6769
126,11.0706,1.3429,9855,33,9.2,9.6,10.1,11.0,11.9,12.5,12.9,9.7277,12.4135,8.3849,13.7563
127,11.1289,1.3458,9887,33,9.2,9.6,10.1,11.0,12.0,12.6,13.0,9.7831,12.4747,8.4373,13.8205
128,11.1871,1.3417,9895,33,9.2,9.7,10.2,11.1,12.0,12.6,13.2,9.8454,12.5288,8.5038,13.8704
129,11.2458,1.3333,9873,33,9.3,9.7,10.2,11.1,12.1,12.7,13.3,9.9126,12.5791,8.5793,13.9124
130,11.3043,1.323,9819,33,9.4,9.8,10.3,11.2,12.2,12.7,13.3,9.9812,12.6273,8.6582,13.9504
131,11.3618,1.3107,9776,33,9.5,9.9,10.4,11.2,12.2,12.8,13.4,10.0511,12.6725,8.7405,13.9831
132,11.4169,1.2957,9722,33,9.6,10.0,10.5,11.3,12.2,12.9,13.4,10.1211,12.7126,8.8254,14.0083
133,11.4691,1.28,9648,33,9.6,10.0,10.5,11.4,12.3,12.9,13.5,10.1892,12.7491,8.9092,14.0291
134,11.5204,1.2612,9601,33,9.7,10.1,10.6,11.4,12.3,13.0,13.5,10.2592,12.7817,8.998,14.0429
135,11.5707,1.2412,9575,33,9.8,10.1,10.7,11.5,12.3,13.0,13.5,10.3295,12.8119,9.0882,14.0532
136,11.6215,1.2215,9591,33,9.9,10.2,10.7,11.5,12.4,13.1,13.5,10.3999,12.843,9.1784,14.0646
137,11.6731,1.2031,9625,33,10.0,10.2,10.8,11.6,12.4,13.2,13.6,10.47,12.8761,9.267,14.0792
138,11.724,1.185,9696,32,10.0,10.3,10.9,11.7,12.5,13.3,13.7,10.539,12.909,9.354,14.094
139,11.7712,1.1698,9769,32,10.1,10.4,10.9,11.7,12.5,13.3,13.7,10.6013,12.941,9.4315,14.1108
140,11.8154,1.1578,9815,31,10.1,10.4,10.9,11.7,12.6,13.4,13.8,10.6576,12.9733,9.4997,14.1311
141,11.8534,1.1492,9811,31,10.2,10.5,11.0,11.8,12.6,13.4,13.8,10.7042,13.0026,9.555,14.1518
142,11.8853,1.1451,9805,31,10.3,10.5,11.0,11.8,12.7,13.4,13.9,10.7402,13.0304,9.5951,14.1755
143,11.9151,1.1447,9787,31,10.3,10.6,11.0,11.8,12.7,13.4,13.9,10.7704,13.0597,9.6257,14.2044
144,11.9445,1.1441,9760,31,10.3,10.6,11.0,11.8,12.7,13.5,14.0,10.8005,13.0886,9.6564,14.2327
145,11.9755,1.1427,9759,31,10.4,10.6,11.1,11.8,12.8,13.5,14.0,10.8328,13.1181,9.6902,14.2608
146,12.0124,1.1431,9688,31,10.4,10.7,11.1,11.9,12.8,13.5,14.0,10.8694,13.1555,9.7263,14.2985
147,12.0569,1.1461,9666,31,10.5,10.7,11.1,12.0,12.9,13.6,14.1,10.9108,13.203,9.7647,14.3491
148,12.1078,1.1494,9675,31,10.5,10.7,11.2,12.0,12.9,13.6,14.1,10.9584,13.2573,9.809,14.4067
149,12.1625,1.1554,9669,31,10.5,10.8,11.2,12.1,13.0,13.7,14.2,11.0071,13.3179,9.8517,14.4733
150,12.2167,1.1617,9627,31,10.6,10.8,11.3,12.1,13.0,13.8,14.3,11.0551,13.3784,9.8934,14.54
151,12.2671,1.1644,9587,31,10.6,10.9,11.3,12.2,13.1,13.9,14.4,11.1027,13.4315,9.9383,14.5959
152,12.3128,1.1651,9532,31,10.7,10.9,11.4,12.3,13.1,13.9,14.4,11.1478,13.4779,9.9827,14.643
153,12.354,1.1643,9444,31,10.7,10.9,11.4,12.3,13.1,13.9,14.4,11.1897,13.5182,10.0255,14.6825
154,12.3935,1.163,9364,31,10.7,10.9,11.5,12.4,13.1,14.0,14.5,11.2305,13.5565,10.0675,14.7194
155,12.4316,1.1631,9340,31,10.7,10.9,11.6,12.4,13.2,14.0,14.5,11.2685,13.5948,10.1054,14.7579
156,12.4717,1.1658,9342,31,10.7,10.9,11.6,12.4,13.2,14.0,14.5,11.3059,13.6375,10.1401,14.8033
157,12.5144,1.168,9294,31,10.7,11.0,11.7,12.4,13.3,14.1,14.5,11.3465,13.6824,10.1785,14.8503
158,12.5599,1.1738,9283,32,10.7,11.0,11.8,12.5,13.3,14.1,14.5,11.3861,13.7337,10.2122,14.9075
159,12.6048,1.1819,9333,32,10.7,11.0,11.9,12.5,13.4,14.1,14.6,11.4228,13.7867,10.2409,14.9686
160,12.6508,1.1907,9381,32,10.7,11.1,11.9,12.6,13.4,14.2,14.7,11.4601,13.8416,10.2694,15.0323
161,12.6957,1.1993,9397,32,10.8,11.1,11.9,12.6,13.5,14.3,14.8,11.4964,13.895,10.297,15.0943
162,12.738,1.2066,9445,32,10.8,11.1,11.9,12.7,13.5,14.3,14.8,11.5314,13.9446,10.3248,15.1512
163,12.7771,1.2112,9482,32,10.8,11.2,12.0,12.7,13.6,14.4,14.9,11.5659,13.9883,10.3548,15.1994
164,12.8163,1.2131,9503,32,10.8,11.2,12.0,12.7,13.6,14.5,14.9,11.6032,14.0295,10.3901,15.2426
165,12.8575,1.2132,9603,32,10.9,11.3,12.0,12.8,13.7,14.5,14.9,11.6442,14.0707,10.431,15.2839
166,12.9037,1.2133,9667,32,10.9,11.4,12.1,12.8,13.7,14.5,15.0,11.6904,14.117,10.4771,15.3303
167,12.9567,1.2147,9737,32,11.0,11.4,12.1,12.9,13.8,14.5,15.0,11.7421,14.1714,10.5274,15.3861
168,13.0163,1.2171,9787,32,11.0,11.5,12.2,13.0,13.9,14.6,15.1,11.7991,14.2334,10.582,15.4506
169,13.0806,1.2192,9863,32,11.0,11.5,12.2,13.1,13.9,14.7,15.1,11.8613,14.2998,10.6421,15.519
170,13.1471,1.2206,9861,32,11.1,11.6,12.3,13.1,14.0,14.7,15.1,11.9265,14.3677,10.7059,15.5883
171,13.2124,1.22,9861,32,11.2,11.7,12.3,13.2,14.1,14.8,15.2,11.9924,14.4324,10.7725,15.6524
172,13.2767,1.2181,9891,31,11.2,11.7,12.4,13.3,14.1,14.8,15.2,12.0587,14.4948,10.8406,15.7129
173,13.3402,1.2136,9874,31,11.365,11.7,12.5,13.3,14.2,14.9,15.3,12.1266,14.5539,10.9129,15.7675
174,13.4024,1.2077,9841,31,11.4,11.8,12.5,13.4,14.2,14.9,15.3,12.1947,14.6102,10.9869,15.8179
175,13.4623,1.2004,9812,31,11.5,11.9,12.6,13.4,14.3,15.0,15.4,12.2619,14.6627,11.0615,15.8631
176,13.5218,1.1907,9850,31,11.6,12.0,12.7,13.5,14.4,15.0,15.4,12.3311,14.7124,11.1405,15.9031
177,13.5776,1.1811,9821,31,11.6,12.1,12.8,13.5,14.4,15.1,15.5,12.3965,14.7587,11.2154,15.9397
178,13.6307,1.1724,9794,31,11.7,12.2,12.9,13.6,14.4,15.1,15.6,12.4582,14.8031,11.2858,15.9755
179,13.6792,1.1657,9797,31,11.8,12.2,12.9,13.6,14.4,15.1,15.6,12.5135,14.845,11.3477,16.0107
180,13.7233,1.1615,9763,31,11.8,12.3,13.0,13.7,14.5,15.2,15.7,12.5619,14.8848,11.4004,16.0463
181,13.7605,1.1606,9711,30,11.8,12.3,13.0,13.7,14.5,15.2,15.8,12.5998,14.9211,11.4392,16.0817
182,13.7888,1.1616,9687,30,11.9,12.3,13.0,13.8,14.5,15.3,15.8,12.6272,14.9504,11.4656,16.112
183,13.8076,1.1665,9681,30,11.9,12.3,13.1,13.8,14.5,15.3,15.8,12.6411,14.9741,11.4746,16.1406
184,13.8191,1.1741,9666,30,11.9,12.3,13.1,13.8,14.6,15.3,15.8,12.645,14.9933,11.4709,16.1674
185,13.8273,1.1837,9705,31,11.9,12.3,13.0,13.8,14.6,15.4,15.8,12.6437,15.011,11.46,16.1946
186,13.8329,1.1976,9742,31,11.8,12.3,13.0,13.8,14.6,15.4,15.9,12.6354,15.0305,11.4378,16.2281
187,13.8355,1.2144,9800,31,11.8,12.3,13.0,13.8,14.6,15.4,15.9,12.621,15.0499,11.4066,16.2643
188,13.8365,1.2311,9836,31,11.8,12.3,13.0,13.8,14.6,15.4,15.9,12.6054,15.0676,11.3743,16.2987
189,13.8398,1.2486,9868,31,11.8,12.3,13.0,13.8,14.7,15.4,15.9,12.5912,15.0883,11.3426,16.3369
190,13.8469,1.265,9882,31,11.8,12.2,13.0,13.8,14.7,15.4,15.9,12.5819,15.1119,11.3169,16.3769
191,13.857,1.2793,9915,31,11.8,12.2,13.0,13.9,14.7,15.5,15.9,12.5777,15.1363,11.2984,16.4156
192,13.8732,1.2906,9957,31,11.8,12.2,13.0,13.9,14.7,15.5,15.9,12.5827,15.1638,11.2921,16.4544
193,13.8926,1.3007,9990,31,11.8,12.2,13.0,13.9,14.8,15.5,16.0,12.5919,15.1934,11.2912,16.4941
194,13.9107,1.3104,9983,31,11.8,12.2,13.0,14.0,14.8,15.5,16.0,12.6003,15.2211,11.2899,16.5315
195,13.9236,1.3226,9943,31,11.8,12.2,13.0,13.9,14.8,15.6,16.1,12.601,15.2461,11.2784,16.5687
196,13.9323,1.3369,9923,31,11.8,12.3,13.0,13.9,14.9,15.6,16.2,12.5953,15.2692,11.2584,16.6061
197,13.9375,1.3513,9894,31,11.8,12.3,13.0,13.9,14.9,15.7,16.2,12.5863,15.2888,11.235,16.64
198,13.9432,1.3625,9840,31,11.8,12.2,13.0,13.9,14.9,15.7,16.3,12.5807,15.3057,11.2182,16.6682
199,13.9494,1.3716,9775,31,11.8,12.2,12.9,13.9,14.9,15.7,16.3,12.5778,15.321,11.2062,16.6927
200,13.9576,1.3773,9746,31,11.9,12.2,13.0,13.9,14.9,15.75,16.3,12.5803,15.3349,11.2031,16.7122
201,13.971,1.3746,9689,31,11.9,12.2,13.0,13.9,14.9,15.8,16.3,12.5965,15.3456,11.2219,16.7202
202,13.99,1.3655,9603,31,11.9,12.2,13.0,13.9,14.9,15.8,16.3,12.6246,15.3555,11.2591,16.721
203,14.0081,1.3531,9574,31,11.9,12.3,13.0,14.0,15.0,15.8,16.3,12.655,15.3612,11.3019,16.7143
204,14.0216,1.3372,9498,31,11.9,12.3,13.1,14.0,15.0,15.8,16.3,12.6844,15.3587,11.3472,16.6959
205,14.0285,1.3221,9421,31,12.0,12.3,13.1,14.0,15.0,15.8,16.3,12.7064,15.3506,11.3843,16.6727
206,14.0284,1.3125,9365,31,12.0,12.3,13.1,14.0,14.9,15.8,16.3,12.7159,15.3409,11.4034,16.6534
207,14.0247,1.3091,9293,31,12.0,12.3,13.1,14.0,14.9,15.8,16.2,12.7156,15.3338,11.4065,16.6429
208,14.0203,1.3104,9246,30,11.9,12.3,13.1,13.9,14.9,15.8,16.3,12.7099,15.3307,11.3995,16.6411
209,14.0186,1.3112,9212,30,11.9,12.3,13.1,14.0,14.9,15.8,16.3,12.7075,15.3298,11.3963,16.6409
210,14.0186,1.3079,9216,29,11.9,12.3,13.1,14.0,14.9,15.7,16.3,12.7107,15.3264,11.4029,16.6343
211,14.0196,1.3029,9244,29,11.9,12.3,13.1,14.0,14.9,15.7,16.2,12.7167,15.3225,11.4138,16.6254
212,14.0184,1.298,9198,29,11.9,12.3,13.1,14.0,14.9,15.6,16.1,12.7203,15.3164,11.4223,16.6144
213,14.0152,1.2933,9181,29,11.9,12.3,13.1,14.0,14.9,15.6,16.1,12.7219,15.3085,11.4286,16.6018
214,14.0117,1.2907,9163,29,11.9,12.3,13.1,14.0,14.9,15.6,16.1,12.721,15.3024,11.4303,16.5931
215,14.0095,1.292,9152,29,11.9,12.3,13.1,14.0,14.9,15.6,16.1,12.7175,15.3016,11.4255,16.5936
216,14.008,1.2955,9120,29,11.9,12.4,13.1,14.0,14.9,15.6,16.1,12.7125,15.3035,11.4171,16.5989
217,14.0055,1.3004,9129,29,11.9,12.4,13.1,14.0,14.9,15.7,16.2,12.705,15.3059,11.4046,16.6064
218,14.0045,1.3089,9120,29,11.9,12.4,13.1,14.0,14.8,15.7,16.3,12.6956,15.3135,11.3867,16.6224
219,14.0057,1.3197,9119,28,12.0,12.4,13.1,13.9,14.8,15.7,16.3,12.686,15.3253,11.3664,16.645
220,14.0093,1.3295,9111,28,11.9,12.4,13.1,13.9,14.9,15.8,16.3,12.6798,15.3387,11.3503,16.6682
221,14.0118,1.336,9083,28,11.9,12.4,13.1,13.9,14.9,15.8,16.3,12.6758,15.3477,11.3398,16.6837
222,14.0094,1.3395,9085,28,12.0,12.4,13.1,13.9,14.9,15.8,16.4,12.6699,15.3489,11.3304,16.6884
223,14.0026,1.3387,9079,28,12.0,12.4,13.1,13.9,14.9,15.8,16.4,12.6639,15.3413,11.3252,16.68
224,13.9907,1.3364,9074,28,12.0,12.4,13.1,13.9,14.9,15.8,16.4,12.6542,15.3271,11.3178,16.6635
225,13.9779,1.336,9063,28,11.9,12.3,13.1,13.9,14.8,15.8,16.4,12.642,15.3139,11.306,16.6499
226,13.9638,1.3357,9048,29,11.9,12.3,13.0,13.9,14.8,15.7,16.3,12.6282,15.2995,11.2925,16.6352
227,13.9541,1.3347,9086,29,11.9,12.3,13.0,13.9,14.8,15.75,16.4,12.6194,15.2888,11.2847,16.6235
228,13.9461,1.3324,9143,29,11.9,12.3,13.0,13.8,14.8,15.7,16.4,12.6137,15.2784,11.2813,16.6108
229,13.9414,1.3273,9205,29,11.9,12.3,13.0,13.8,14.8,15.7,16.38,12.614,15.2687,11.2867,16.5961
230,13.9338,1.3168,9228,29,11.9,12.3,13.0,13.8,14.8,15.7,16.3,12.617,15.2506,11.3002,16.5674
231,13.9251,1.3051,9269,29,11.9,12.3,13.0,13.8,14.8,15.6,16.26,12.62,15.2302,11.3149,16.5353
232,13.9167,1.2942,9254,29,11.9,12.3,13.0,13.8,14.7,15.6,16.2,12.6225,15.2109,11.3283,16.5052
233,13.9103,1.2837,9233,29,11.9,12.3,13.0,13.8,14.7,15.5,16.1,12.6266,15.194,11.3429,16.4778
234,13.9031,1.2749,9224,29,11.8,12.3,13.1,13.8,14.7,15.5,16.1,12.6282,15.178,11.3533,16.4528
235,13.8975,1.2705,9236,29,11.8,12.3,13.1,13.8,14.7,15.5,16.1,12.627,15.168,11.3565,16.4385
236,13.8953,1.2695,9216,29,11.875,12.3,13.0,13.8,14.7,15.6,16.1,12.6259,15.1648,11.3564,16.4343
237,13.8984,1.2678,9203,30,11.9,12.3,13.0,13.8,14.7,15.6,16.1,12.6306,15.1662,11.3628,16.434
238,13.9074,1.2694,9202,31,11.9,12.3,13.0,13.8,14.7,15.6,16.1,12.638,15.1768,11.3686,16.4461
239,13.9201,1.2782,9233,31,11.9,12.3,13.1,13.8,14.7,15.6,16.1,12.6419,15.1983,11.3637,16.4765
240,13.9331,1.2927,9209,31,11.9,12.4,13.1,13.8,14.8,15.7,16.2,12.6404,15.2258,11.3477,16.5185
241,13.9484,1.3099,9166,31,11.9,12.3,13.0,13.8,14.8,15.7,16.2,12.6386,15.2583,11.3287,16.5681
242,13.9598,1.331,9125,31,11.9,12.3,13.0,13.8,14.8,15.8,16.3,12.6289,15.2908,11.2979,16.6218
243,13.962,1.3535,9029,32,11.9,12.3,13.0,13.8,14.9,15.8,16.3,12.6085,15.3156,11.255,16.6691
244,13.9561,1.3759,8932,32,11.9,12.3,13.0,13.8,14.9,15.9,16.4,12.5802,15.332,11.2043,16.7079
245,13.947,1.3951,8845,32,11.9,12.3,12.9,13.8,14.8,15.9,16.4,12.552,15.3421,11.1569,16.7372
246,13.9286,1.4133,8744,32,11.9,12.3,12.9,13.7,14.8,15.9,16.5,12.5153,15.342,11.1019,16.7553
247,13.9036,1.43,8690,31,11.9,12.2,12.8,13.7,14.8,15.9,16.5,12.4736,15.3336,11.0437,16.7635
248,13.8746,1.4457,8657,31,11.8,12.2,12.8,13.7,14.8,15.9,16.5,12.429,15.3203,10.9833,16.7659
249,13.8418,1.4568,8659,31,11.8,12.2,12.8,13.6,14.7,15.9,16.5,12.3851,15.2986,10.9283,16.7554
250,13.7981,1.4637,8678,30,11.7,12.1,12.8,13.6,14.7,15.9,16.5,12.3344,15.2619,10.8706,16.7256
251,13.7443,1.4688,8667,30,11.6,12.0,12.7,13.6,14.6,15.9,16.5,12.2755,15.2131,10.8068,16.6818
252,13.6781,1.4722,8664,30,11.5,12.0,12.7,13.5,14.5,15.8,16.5,12.206,15.1503,10.7338,16.6225
253,13.6007,1.4691,8601,30,11.5,11.9,12.6,13.4,14.4,15.8,16.4,12.1315,15.0698,10.6624,16.539
254,13.5201,1.4617,8513,30,11.4,11.8,12.5,13.3,14.3,15.7,16.3,12.0584,14.9818,10.5967,16.4435
255,13.446,1.4552,8521,30,11.4,11.7,12.4,13.2,14.2,15.5,16.3,11.9908,14.9013,10.5355,16.3565
256,13.3826,1.4511,8526,30,11.325,11.7,12.4,13.2,14.1,15.4,16.2,11.9314,14.8337,10.4803,16.2849
257,13.3336,1.4479,8573,31,11.3,11.7,12.3,13.1,14.1,15.3,16.0,11.8857,14.7814,10.4378,16.2293
258,13.2999,1.4494,8657,30,11.3,11.6,12.3,13.1,14.1,15.3,16.1,11.8506,14.7493,10.4012,16.1987
259,13.2737,1.453,8678,30,11.2,11.6,12.3,13.1,14.1,15.3,16.0,11.8206,14.7267,10.3676,16.1798
260,13.2441,1.4568,8766,30,11.2,11.6,12.2,13.1,14.1,15.3,16.0,11.7873,14.7009,10.3305,16.1577
261,13.2072,1.4591,8867,30,11.2,11.5,12.2,13.1,14.1,15.3,16.0,11.7481,14.6662,10.289,16.1253
262,13.1608,1.4619,8957,30,11.2,11.5,12.1,13.0,14.0,15.2,15.9,11.6989,14.6227,10.237,16.0846
263,13.1021,1.4647,9039,31,11.1,11.4,12.0,12.9,14.0,15.1,15.9,11.6374,14.5667,10.1728,16.0314
264,13.035,1.4725,9112,31,11.0,11.3,11.9,12.9,13.9,15.0,15.8,11.5625,14.5075,10.0901,15.98
265,12.9682,1.4845,9152,31,10.9,11.2,11.8,12.8,13.9,15.0,15.7,11.4837,14.4527,9.9991,15.9373
266,12.907,1.4986,9237,31,10.8,11.2,11.8,12.7,13.8,14.9,15.7,11.4083,14.4056,9.9097,15.9043
267,12.8488,1.5143,9297,31,10.7,11.1,11.7,12.6,13.8,14.9,15.7,11.3345,14.3631,9.8203,15.8774
268,12.7939,1.5297,9386,31,10.7,11.0,11.7,12.5,13.8,14.9,15.7,11.2642,14.3235,9.7346,15.8532
269,12.7361,1.5399,9483,31,10.6,11.0,11.6,12.5,13.7,14.9,15.7,11.1962,14.276,9.6563,15.8159
270,12.6719,1.5387,9521,31,10.5,10.9,11.5,12.4,13.7,14.8,15.6,11.1332,14.2106,9.5945,15.7493
271,12.5955,1.5257,9567,31,10.5,10.8,11.4,12.3,13.6,14.7,15.5,11.0699,14.1212,9.5442,15.6469
272,12.5123,1.5033,9554,31,10.5,10.8,11.3,12.2,13.5,14.6,15.3,11.0089,14.0156,9.5056,15.5189
273,12.4249,1.4736,9540,31,10.5,10.7,11.3,12.1,13.4,14.5,15.1,10.9513,13.8984,9.4777,15.372
274,12.3358,1.4373,9595,31,10.4,10.7,11.2,12.0,13.3,14.4,15.0,10.8985,13.773,9.4612,15.2103
275,12.249,1.4039,9542,31,10.4,10.6,11.2,12.0,13.2,14.2,14.9,10.8451,13.653,9.4411,15.0569
276,12.172,1.3781,9514,31,10.4,10.6,11.1,11.9,13.1,14.1,14.8,10.7939,13.5501,9.4158,14.9282
277,12.102,1.3551,9512,31,10.3,10.6,11.1,11.8,13.0,14.0,14.7,10.7468,13.4571,9.3917,14.8122
278,12.0404,1.3358,9515,31,10.3,10.5,11.0,11.7,12.9,13.9,14.6,10.7046,13.3762,9.3689,14.7119
279,11.9864,1.3207,9508,31,10.2,10.5,11.0,11.7,12.9,13.8,14.5,10.6657,13.3071,9.345,14.6278
280,11.9368,1.3079,9476,30,10.2,10.5,11.0,11.6,12.8,13.7,14.4,10.6289,13.2447,9.3209,14.5526
281,11.8901,1.2951,9472,30,10.2,10.4,10.9,11.6,12.7,13.7,14.3,10.595,13.1853,9.2999,14.4804
282,11.8476,1.2872,9475,30,10.1,10.4,10.9,11.6,12.7,13.6,14.2,10.5604,13.1348,9.2732,14.422
283,11.8046,1.2848,9504,30,10.1,10.3,10.8,11.6,12.6,13.6,14.2,10.5198,13.0894,9.235,14.3742
284,11.7659,1.2875,9507,30,10.0,10.3,10.8,11.5,12.6,13.6,14.2,10.4784,13.0534,9.1909,14.3409
285,11.7311,1.2946,9547,30,10.0,10.2,10.7,11.5,12.6,13.5,14.17,10.4366,13.0257,9.142,14.3202
286,11.6981,1.3068,9578,30,10.0,10.2,10.7,11.5,12.6,13.5,14.2,10.3913,13.0048,9.0845,14.3116
287,11.6633,1.3212,9631,30,9.9,10.1,10.6,11.5,12.6,13.5,14.2,10.3421,12.9844,9.021,14.3056
288,11.6281,1.3391,9646,30,9.9,10.1,10.6,11.4,12.5,13.5,14.2,10.289,12.9672,8.9498,14.3063
289,11.5929,1.361,9643,30,9.9,10.1,10.5,11.4,12.5,13.5,14.2,10.2318,12.9539,8.8708,14.315
290,11.56,1.385,9668,30,9.8,10.0,10.5,11.3,12.5,13.5,14.2,10.1751,12.945,8.7901,14.3299
291,11.5293,1.4086,9670,30,9.8,10.0,10.5,11.3,12.5,13.5,14.2,10.1207,12.9379,8.712,14.3465
292,11.5029,1.4305,9679,30,9.7,10.0,10.5,11.3,12.5,13.5,14.2,10.0724,12.9334,8.6419,14.3639
293,11.4824,1.4468,9684,30,9.7,9.9,10.4,11.2,12.5,13.5,14.3,10.0356,12.9292,8.5889,14.3759
294,11.4658,1.4581,9704,30,9.6,9.9,10.4,11.2,12.4,13.5,14.3,10.0077,12.9238,8.5496,14.3819
295,11.4493,1.4685,9754,30,9.6,9.9,10.4,11.2,12.4,13.4,14.3,9.9808,12.9177,8.5123,14.3862
296,11.4299,1.4761,9756,30,9.6,9.8,10.4,11.2,12.4,13.4,14.3,9.9538,12.9059,8.4778,14.382
297,11.4068,1.4816,9749,31,9.5,9.8,10.4,11.2,12.4,13.4,14.3,9.9252,12.8884,8.4436,14.37
298,11.3807,1.4855,9748,31,9.5,9.7,10.4,11.2,12.3,13.4,14.3,9.8952,12.8661,8.4097,14.3516
299,11.3514,1.4871,9744,31,9.4,9.7,10.4,11.1,12.3,13.4,14.3,9.8644,12.8385,8.3773,14.3256
300,11.3205,1.4839,9706,31,9.3,9.7,10.4,11.1,12.2,13.3,14.3,9.8366,12.8045,8.3526,14.2884
301,11.2896,1.477,9680,31,9.3,9.7,10.4,11.1,12.1,13.3,14.3,9.8126,12.7665,8.3356,14.2435
302,11.2598,1.4698,9655,31,9.2,9.6,10.3,11.1,12.0,13.3,14.2,9.7899,12.7296,8.3201,14.1995
303,11.2298,1.4609,9652,31,9.2,9.6,10.3,11.1,12.0,13.3,14.2,9.769,12.6907,8.3081,14.1516
304,11.1975,1.4512,9652,31,9.2,9.5,10.3,11.1,12.0,13.2,14.1,9.7463,12.6487,8.2952,14.0998
305,11.1632,1.442,9651,31,9.2,9.5,10.2,11.1,11.9,13.2,14.0,9.7212,12.6051,8.2793,14.0471
306,11.1278,1.4333,9663,31,9.2,9.4,10.2,11.0,11.9,13.1,14.0,9.6945,12.5611,8.2612,13.9944
307,11.0911,1.4262,9681,31,9.1,9.4,10.2,11.0,11.9,13.1,14.0,9.6649,12.5173,8.2387,13.9436
308,11.0507,1.4208,9687,31,9.1,9.4,10.1,11.0,11.8,13.0,13.9,9.6298,12.4715,8.209,13.8923
309,11.0087,1.415,9668,31,9.1,9.4,10.1,10.9,11.8,13.0,13.9,9.5937,12.4237,8.1788,13.8387
310,10.9665,1.4039,9647,31,9.1,9.4,10.1,10.9,11.7,12.9,13.8,9.5627,12.3704,8.1588,13.7742
311,10.9238,1.3906,9625,31,9.1,9.4,10.0,10.8,11.6,12.8,13.7,9.5331,12.3144,8.1425,13.705
312,10.8842,1.3731,9609,31,9.1,9.4,10.0,10.7,11.6,12.6,13.5,9.5111,12.2573,8.1379,13.6304
313,10.849,1.3553,9576,31,9.1,9.4,10.0,10.7,11.5,12.5,13.4,9.4937,12.2043,8.1384,13.5596
314,10.8145,1.3377,9522,31,9.1,9.4,10.0,10.7,11.5,12.4,13.4,9.4768,12.1523,8.139,13.49
315,10.7802,1.3219,9477,31,9.1,9.3,9.9,10.6,11.5,12.4,13.4,9.4583,12.102,8.1364,13.4239
316,10.7487,1.3065,9404,31,9.0,9.3,9.9,10.6,11.5,12.3,13.3,9.4422,12.0553,8.1357,13.3618
317,10.7159,1.2901,9350,31,9.0,9.3,9.9,10.6,11.4,12.2,13.2,9.4258,12.0059,8.1357,13.296
318,10.6831,1.2729,9348,31,9.0,9.3,9.9,10.6,11.4,12.2,13.1,9.4101,11.956,8.1372,13.229
319,10.6537,1.2549,9355,32,8.9,9.3,9.9,10.6,11.3,12.1,12.8,9.3988,11.9086,8.1439,13.1635
320,10.6264,1.2364,9388,32,8.9,9.2,9.9,10.5,11.3,12.1,12.7,9.3899,11.8628,8.1535,13.0992
321,10.5976,1.2176,9408,32,8.8,9.2,9.9,10.5,11.2,12.1,12.6,9.38,11.8152,8.1624,13.0328
322,10.5683,1.1985,9400,32,8.8,9.2,9.9,10.5,11.2,12.0,12.5,9.3698,11.7668,8.1714,12.9653
323,10.5369,1.1792,9435,32,8.8,9.2,9.8,10.5,11.2,12.0,12.5,9.3577,11.7161,8.1786,12.8953
324,10.5018,1.1598,9479,32,8.8,9.2,9.8,10.4,11.1,12.0,12.4,9.3421,11.6616,8.1823,12.8214
325,10.4651,1.1416,9540,32,8.7,9.1,9.8,10.4,11.1,11.9,12.3,9.3235,11.6067,8.182,12.7483
326,10.4272,1.125,9571,32,8.7,9.1,9.7,10.3,11.0,11.8,12.3,9.3022,11.5521,8.1772,12.6771
327,10.3877,1.1122,9599,32,8.7,9.0,9.7,10.3,11.0,11.8,12.2,9.2755,11.4999,8.1633,12.6121
328,10.3473,1.0996,9657,32,8.7,9.0,9.6,10.3,11.0,11.7,12.2,9.2477,11.4469,8.1481,12.5465
329,10.3085,1.0889,9723,32,8.7,9.0,9.6,10.2,10.9,11.6,12.2,9.2196,11.3974,8.1307,12.4863
330,10.2701,1.0799,9791,32,8.6,9.0,9.6,10.2,10.8,11.5,12.1,9.1902,11.35,8.1103,12.4298
331,10.231,1.0686,9885,32,8.6,9.0,9.5,10.1,10.8,11.5,12.1,9.1624,11.2996,8.0937,12.3683
332,10.1937,1.0557,9989,32,8.6,9.0,9.5,10.1,10.7,11.4,12.1,9.138,11.2494,8.0823,12.3052
333,10.1576,1.0418,10039,32,8.6,9.0,9.5,10.1,10.7,11.4,12.0,9.1158,11.1994,8.0741,12.2411
334,10.1184,1.0258,10081,32,8.6,9.0,9.5,10.0,10.6,11.4,11.9,9.0926,11.1442,8.0668,12.17
335,10.0784,1.0081,10088,32,8.7,9.0,9.4,10.0,10.6,11.3,11.8,9.0703,11.0865,8.0622,12.0946
336,10.0392,0.994,10121,32,8.7,9.0,9.4,9.9,10.5,11.3,11.7,9.0451,11.0332,8.0511,12.0273
337,9.9976,0.9803,10152,32,8.7,9.0,9.4,9.9,10.5,11.2,11.6,9.0173,10.9778,8.0371,11.9581
338,9.9551,0.9669,10122,32,8.7,8.9,9.3,9.8,10.4,11.2,11.5,8.9882,10.9221,8.0213,11.889
339,9.9142,0.9555,10096,32,8.6,8.9,9.3,9.8,10.4,11.2,11.5,8.9587,10.8697,8.0032,11.8252
340,9.8743,0.9477,10048,32,8.6,8.9,9.3,9.8,10.3,11.2,11.4,8.9266,10.8221,7.9789,11.7698
341,9.8369,0.943,10043,32,8.5,8.9,9.3,9.7,10.3,11.1,11.4,8.8939,10.7799,7.9509,11.7229
342,9.8042,0.9414,10003,32,8.5,8.8,9.2,9.7,10.2,11.0,11.4,8.8628,10.7456,7.9214,11.687
343,9.7759,0.9455,9985,32,8.4,8.8,9.2,9.7,10.2,11.0,11.4,8.8304,10.7214,7.885,11.6668
344,9.7506,0.9545,10013,32,8.4,8.8,9.2,9.7,10.2,11.0,11.4,8.7961,10.7051,7.8417,11.6595
345,9.7265,0.9663,10020,32,8.395,8.7,9.2,9.6,10.2,11.0,11.5,8.7602,10.6928,7.7939,11.6591
346,9.7016,0.9804,10014,32,8.3,8.7,9.1,9.6,10.2,11.0,11.5,8.7212,10.682,7.7408,11.6625
347,9.674,0.9944,9950,32,8.2,8.6,9.1,9.6,10.1,11.0,11.5,8.6795,10.6684,7.6851,11.6628
348,9.6434,1.0076,9915,32,8.1,8.5,9.0,9.5,10.1,11.1,11.5,8.6358,10.651,7.6282,11.6586
349,9.6124,1.0199,9875,32,8.0,8.5,9.0,9.5,10.1,11.0,11.5,8.5925,10.6323,7.5726,11.6522
350,9.5808,1.0296,9872,32,8.0,8.5,9.0,9.5,10.1,11.0,11.5,8.5512,10.6104,7.5215,11.64
351,9.5477,1.0342,9821,32,7.9,8.4,8.9,9.4,10.0,11.0,11.5,8.5135,10.5819,7.4793,11.6161
352,9.515,1.0395,9813,32,7.9,8.4,8.9,9.4,10.0,11.0,11.5,8.4755,10.5545,7.436,11.594
353,9.4807,1.0447,9811,31,7.8,8.4,8.8,9.4,9.9,10.9,11.5,8.436,10.5254,7.3913,11.5701
354,9.4446,1.0484,9803,31,7.8,8.3,8.8,9.3,9.9,10.9,11.5,8.3962,10.4929,7.3479,11.5413
355,9.4067,1.0519,9812,31,7.7,8.2,8.8,9.3,9.9,10.9,11.5,8.3548,10.4585,7.3029,11.5104
356,9.3664,1.0527,9813,31,7.7,8.1,8.7,9.3,9.8,10.8,11.5,8.3138,10.4191,7.2611,11.4718
357,9.3234,1.0481,9821,31,7.7,8.1,8.7,9.2,9.8,10.8,11.4,8.2754,10.3715,7.2273,11.4195
358,9.2801,1.0389,9778,31,7.7,8.0,8.7,9.2,9.7,10.7,11.3,8.2412,10.3191,7.2023,11.358
359,9.2368,1.0262,9734,35,7.7,7.9,8.6,9.1,9.7,10.6,11.2,8.2105,10.263,7.1843,11.2893
360,9.1949,1.0099,9720,35,7.6,7.9,8.6,9.1,9.6,10.6,11.1,8.185,10.2048,7.1751,11.2147
361,9.1575,0.9939,9709,35,7.6,7.9,8.6,9.0,9.6,10.5,11.0,8.1636,10.1513,7.1697,11.1452
362,9.1253,0.9833,9706,35,7.6,7.9,8.5,9.0,9.6,10.5,11.0,8.142,10.1086,7.1587,11.0919
363,9.0967,0.9747,9731,35,7.6,7.9,8.5,9.0,9.5,10.4,10.9,8.122,10.0714,7.1473,11.046
364,9.0728,0.9676,9775,35,7.5,7.9,8.5,9.0,9.5,10.4,10.9,8.1052,10.0404,7.1376,11.0079
365,9.0515,0.9648,9755,35,7.5,7.9,8.4,8.9,9.5,10.4,10.9,8.0867,10.0163,7.122,10.981
